Tipo;CNPJ;Nome;Logradouro, Nœmero;CEP;Bairro;Cidade;UF;Email;Fone
2;72.346.232/0001-07;MULTIBRASIL INDUSTRIA LTDA;RUA PORTO ALEGRE S/N;87030-080;JARDIM BRASIL;Maringá;PR;multibrasil@gmail.com;45296572
2;10.198.367/0001-15;PARCERIA INCORPORACOES LTDA;RUA FRANCISCO PARISE, 2354;80000-000;SANTA FELICIDADE;Santa Rita do Trivelato;MT;parceria@gmail.com;37746749
2;76.660.885/0001-17;SABANCO DE CURITIBA SERV ASS BANC COML LTDA;RUA PROF FERNANDO MOREIRA,586;80430-080;CENTRO;Senhor do Bonfim;BA;sabanco@gmail.com;28614974
2;01.421.772/0001-60;SAO MIGUEL EMBALAGENS LTDA. EPP;RUA DOIS, 415 - LOCALIDADE PALMITAL;84460-000;BOM JARDIM DO SUL;Dores do Rio Preto;ES;sao@gmail.com;62477693
2;73.232.340/0001-11;BASEFORMA ENGENHARIA DE PROJETOS E OBRAS LTDA;R PARANA 1113;85960-000;CENTRO;Capim Branco;MG;baseforma@gmail.com;51886717
2;03.905.418/0001-36;W.R. GARCIA E CIA LTDA;R. ALEXANDRA, 802;86809-090;VILA BRUNA;Paulista;PE;w.r.@gmail.com;15678429
2;89.848.543/0280-04;LOJAS COLOMBO S A COMERCIO UTILIDADES DOMESTICAS;ARAPONGAS,370;86701-000;CENTRO;Arapongas;PR;lojas@gmail.com;15090630
2;80.224.785/0001-15;ELETROTRAFO PRODUTOS ELETRICOS LTDA;AV. DR. FCO. LACERDA JR,1551;86300-000;CENTRO;Cariacica;ES;eletrotrafo@gmail.com;1664951
2;07.554.908/0001-96;AGUIA DOURADA PROPAGANDAS;RUA PITANGUI, 34 OU RUA TAPAJOS, 294;86027-280;JD. CASTELO;Turvolândia;MG;aguia@gmail.com;67996253
2;08.768.690/0001-35;BCA INDòSTRIA E COMƒRCIO DE CONFEC‚ÍES LTDA;AV. ALZIRO ZARUR, 387;87080-590;VILA VARDELINA;Maringá;PR;bca@gmail.com;94053435
2;76.287.515/0001-86;CALIVER DO BRASIL IND COM REPR MAQ AGRICOLAS;RODOVIA PR 170 SN KM 01 P;86600-000;PQ IND BANDEIRANTES;Rolândia;PR;caliver@gmail.com;46416217
2;79.430.682/0075-69;FARMACIA E DROGARIA NISSEI LTDA-U VITORI;AV. MANOEL RIBAS, 111;84600-000;CENTRO;Piedade de Caratinga;MG;farmacia@gmail.com;49114421
2;85.090.348/0001-70;EVEREST LIMPEZA E CONSERVACAO LTDA.;RUA PADRE ANCHIETA,247;80410-030;MERCES;Curitiba;PR;everest@gmail.com;61597498
2;80.234.495/0001-52;ARAUCONT ORGANIZAçãO CONTáBIL LTDA.;AVENIDA DOUTOR VICTOR DO AMARAL, 1699;83702-040;CENTRO;Taquaritinga do Norte;PE;araucont@gmail.com;99662690
2;05.458.386/0001-01;AUTO POSTO ZANCAN LTDA;RUA DESEMBARGADOR HUGO SIMAS,2078;80520-250;PILARZINHO;Munhoz;MG;auto@gmail.com;15228627
2;07.947.202/0001-94;ALDACIR ANTONIO COELHO;RUA XV DE NOVEMBRO,212;85640-000;RONDINHA;Ampére;PR;aldacir@gmail.com;8932996
2;77.903.789/0001-15;ACIG ASSOC CIAL E EMPRESARIAL DE GPUAVA;RUA XV DE NOVEMBRO, 7292;85010-100;CENTRO;Cujubim;RO;acig@gmail.com;96755763
2;01.486.418/0001-13;AUTOESTE VEICULOS LTDA;AV JUSCELINO KUBISTCHECK,2014;85864-000;VILA PARAGUAIA;Santarém;PA;autoeste@gmail.com;38146084
2;75.268.532/0001-03;COLOMBO TABELIONATOS DE NOTAS;RUA XV DE NOVEMBRO NÀ69;83414-000;CENTRO;Colombo;PR;colombo@gmail.com;98542223
2;13.107.538/0001-41;USIMP - USINAGEM E ESTAMPARIA EM METAIS LTDA;RUA JOSƒ MENDES SOBRINHO, 139;81350-320;CIC;Curitiba;PR;usimp@gmail.com;91606282
2;77.153.773/0001-32;BRAFER CONSTRUCOES METALICAS SA;AV DAS ARAUCARIAS,40;83707-642;BARIGUI;Araucária;PR;brafer@gmail.com;66961938
2;03.802.018/0001-03;SESI SERVICO SOCIAL DA INDUSTRIA;AVENIDA CANDIDO DE ABREU,200;80530-902;CENTRO CIVICO;Curitiba;PR;sesi@gmail.com;18357229
2;04.908.058/0001-99;RISA ADMINISTRACAO DE RESTAURANTES LTDA;RUA WIEGANDO  OLSEN, 1600;81450-100;CIC;Moiporá;GO;risa@gmail.com;9457108
2;00.246.268/0001-08;NIVALDO LEITE ME;ESTRADA DE SANTA CANDIDA, 1435 MORADIAS FAXINAL;82630-490;SANTA CANDIDA;Icó;CE;nivaldo@gmail.com;6203587
2;Sem Informação;EMPREITEIRO;RUA JOSE RISSETO, 231;80000-000;SANTA FELICIDADE;Itabirito;MG;empreiteiro@gmail.com;47251196
2;82.423.310/0001-83;RCP IND E COM DE DERIV DE PLAST LTDA;DAS ARAUCARIAS,602;83707-642;CIAR;Araucária;PR;rcp@gmail.com;26496898
2;03.348.989/0001-17;BR AGROPECUARIA LTDA;RODOVIA BR-376, N¼ 330;86819-000;VILA REIS;Gentil;RS;br@gmail.com;40269050
2;09.160.226/0001-24;STOPETROLEO S A COMERCIO DE DERIVADOS DE PETROLEO;AV BRASIL,2655;85816-290;CENTRO;São João das Duas Pontes;SP;stopetroleo@gmail.com;52339958
2;88.348.024/0011-59;S B S ENGENHARIA E CONSTRUCOES LTDA;RODOVIA PR 508 KM 14;83255-000;COLONIA PEREIRA;Florestal;MG;s@gmail.com;29054625
2;02.504.154/0002-27;III MILENIO IND E COM DE CONFECCOES LTDA;ROD PR 323 - KM 68 - LOTE 362-R;87200-000;ZONA INDUSTRIAL;Anchieta;SC;iii@gmail.com;45463666
2;86.552.429/0001-07;GIOCA INDUSTRIA E COMERCIO LTDA;JATOBA,750;83820-096;EUCALIPTOS;Fazenda Rio Grande;PR;gioca@gmail.com;58145208
2;02.644.907/0001-19;IMPRESS DECOR BRASIL-IND PAPEIS DECORATIVOS LTDA;AV DAS ARAUCARIAS,3513;83700-000;THOMAZ COELHO;Ibertioga;MG;impress@gmail.com;12692114
2;08.696.876/0001-26;MARISA JOSE DA SILVA MERCEARIA;R MOACIR POLI;86430-000;Sem Informação;Santo Antônio da Platina;PR;marisa@gmail.com;29679742
2;75.239.368/0001-06;JORGE NAKAYAMA;AV MAL FLORIANO PEIXOTO 7376;81650-000;BOQUEIRAO;Piedade de Caratinga;MG;jorge@gmail.com;45017049
2;95.400.206/0001-15;F FORTUNA E CIA LTDA;RUA EDWALDO CANESIN TOSCHI 402;86808-040;VILA FELIZ;Santa Cruz Cabrália;BA;f@gmail.com;50195785
2;04.020.348/0001-00;RODOVIARIO MARINGA LTDA_EPP;RUA REBOU‚AS, 828;87030-410;Sem Informação;Capim Branco;MG;rodoviario@gmail.com;61828910
2;93.209.765/0136-00;WMS SUPERMERCADOS DO BRASIL LTDA;RUA MARECHAL DEODORO, 991;80060-010;CENTRO;Fraiburgo;SC;wms@gmail.com;75190252
2;79.283.065/0003-03;ORBENK ADMINISTRACAO E SERVICOS LTDA;RUA CONSELHEIRO CARRAO, 445;80040-130;JUVEVE;Touros;RN;orbenk@gmail.com;29256361
2;80.774.888/0001-59;GRAFICA E EDITORA ULIGHEL LTDA;AV GENEROSO MARQUES,1121;85550-000;CENTRO;Engenheiro Navarro;MG;grafica@gmail.com;75392876
2;05.608.597/0001-75;VERONA INDUSTRIA DE PLASTICOS LTDA;RUA ERICO VERISSIMO,3;83025-430;COLONIA RIO GRANDE;São José dos Pinhais;PR;verona@gmail.com;89051412
2;51.775.690/0001-91;FURUKAWA INDUSTRIAL S.A. PRODUTOS ELéTRICOS;RUA HASDRUBAL BELLEGARD, 820;81460-120;CIDADE INDUSTRIAL;Curitiba;PR;furukawa@gmail.com;4417049
2;03.423.991/0001-03;CRISTIANO BATISTA DE JESUS;RUA JOSEPHA DEREN DESTEFANI,230;81650-310;BOQUEIRAO;Lagoa Grande do Maranhão;MA;cristiano@gmail.com;74884391
2;02.504.154/0002-27;III MILENIO IND E COM DE CONFECCOES LTDA;ROD PR 323 - KM 68 - LOTE 362-R;87200-000;ZONA INDUSTRIAL;Anchieta;SC;iii@gmail.com;45463666
2;06.165.415/0001-00;DEGAN COMER. DE PROD. ALIMENTICIOS LTDA;RUA SANTOS DUMONT,555;87580-000;CENTRO;Alto Piquiri;PR;degan@gmail.com;27262748
2;14.005.00094/82;ANTONIO GARCIA POMBO;GLEBA ANHUMAI LOTE 167;87750-000;ZONA RURAL;Pitangueiras;PR;antonio@gmail.com;6375629
2;02.749.821/0001-50;INST ORTOP TRAUMAT P GROSSA LTDA;RUA FREI CANECA,112;84010-060;CENTRO;Palmeirópolis;TO;inst@gmail.com;80864473
2;10.436.802/0001-00;CENTRO ODONTOLOGICO ESPECIALIZADO REIS S;DOS PALOTINOS,129;80050-400;CRISTO REI;Salgadinho;PE;centro@gmail.com;11923882
2;08.607.287/0001-24;FIGUEIRA IND E COM DE CONFECCOES LTDA;RUA PIONEIRO MIGUEL JORDAO MARTINES,403;87065-660;PQ INDUSTRIAL MARIO;Maringá;PR;figueira@gmail.com;21413492
2;01.385.029/0001-00;MULLER EQUIP.INDUSTRIAIS E FUNDICAO LTDA;RUA IVAI,187;86600-000;CENTRO;Propriá;SE;muller@gmail.com;20883397
2;76.024.876/0001-30;EMPO EMP CURITIBANA DE SAN E CONST CIVIL;RUA MATEUS LEME, 2.511;80530-010;CENTRO CIVICO;Altair;SP;empo@gmail.com;66679490
2;14.230.00273/82;LAZARO ANDRE DE SOUZA;SITIO SANTO ANDRé - ESTR CONSELHEIRO ZACARIAS;86430-000;ESTR CONS ZACARIAS;Albertina;MG;lazaro@gmail.com;18388005
2;09.568.574/0001-35;ZENILDA ROSA BISCAIA;ESTRADA CERRADO DA ROSEIRA,1;84200-000;CERRADO DA ROSEIRA;Gouveia;MG;zenilda@gmail.com;94865363
2;76.575.604/0002-09;SOCIEDADE EVANGELICA BENEFICENTE DE CURITIBA;RUA AUGUSTO STELLFELD, 1908;80730-150;BIGORRILHO;Rio Verde de Mato Grosso;MS;sociedade@gmail.com;23718548
2;60.746.948/7057-52;BANCO BRADESCO S/A;AV. NOSSA SENHORA DA LUZ 246 SALA 1;85890-000;CENTRO;Missal;PR;banco@gmail.com;66280451
2;02.601.159/0001-97;FORCE VIGILANCIA LTDA;R ANDRE DE BARROS, 398;80010-080;CENTRO;Paulo Jacinto;AL;force@gmail.com;10565795
2;07.491.637/0001-77;CERQUEIRA E BITTENCOURT LTDA;MARECHAL FLORIANO PEIXOTO,7941;81650-000;BOQUEIRAO;Curitiba;PR;cerqueira@gmail.com;75053260
2;05.035.532/0002-69;METRONORTE COMERCIAL DE VEICULOS LTDA.;AV JK, 2700;86010-540;CENTRO;Toledo;PR;metronorte@gmail.com;5477154
2;04.473.420/0001-46;W CORDEIRO DOS SANTOS MADEIRAS;RUA LUIZ BINOTTO,993;84990-000;CENTRO;Orlândia;SP;w@gmail.com;6286499
2;05.123.659/0001-59;NOBRE POLIMENTOS LTDA;AV. BRASIL, 1934;86181-010;CENTRO;Viamão;RS;nobre@gmail.com;26307512
2;82.949.652/0011-03;ONDREPSB SERVIçO DE GUARDA E VIGILâNCIA LTDA;AV. TIRADENTES, 1383;86000-000;Sem Informação;Conceição das Alagoas;MG;ondrepsb@gmail.com;3800859
2;00.547.289/0001-63;U TEC MECANICA INDUSTRIAL LTDA;RUA SALGADO FILHO,2574;83320-340;JARDIM P DEMETERCO;Turvolândia;MG;u@gmail.com;21322215
2;02.550.817/0001-69;STEINHAUSER SERV ELETRO MECANICOS LTDA;RUA NIVALDO MEDVID, 80;81460-080;CIC;Mercês;MG;steinhauser@gmail.com;3597083
2;60.746.948/3680-63;BANCO BRADESCO S A;AV TIRADENTES ZONA 1,1243;87013-260;ZONA 01;Maringá;PR;banco@gmail.com;56734231
2;79.065.181/0013-28;DISTRIBUIDORA CURITIBA DE PAPEIS E LIVROS S A;AV LUIZ XAVIER, 78;80020-000;CENTRO;Carazinho;RS;distribuidora@gmail.com;13432269
2;60.701.190/1426-69;BANCO ITAU SA;AV IGUA‚U 2323;80240-030;AGUA VERDE;Curitiba;PR;banco@gmail.com;27873579
2;Sem Informação;ALESSANDRO GOUVEIA DA SILVA;AV. JULES RIMET, 1433/1459;85858-000;PQ RES MORUMBI I;Foz do Iguaçu;PR;alessandro@gmail.com;32122476
2;00.105.229/0001-90;DURLICOUROS IND COM COUROS EXP IMP LTDA;AVENIDA DAS INDUSTRIAS, 1235;83820-332;DISTRITO INDUSTRIAL;Fazenda Rio Grande;PR;durlicouros@gmail.com;58712297
2;05.998.023/0001-50;ORDESC ORG P DESENV SOCIAL E CIDADANIA;EURIPEDES GARCEZ DO NASCIMENTO,565;80540-280;AHU;Altair;SP;ordesc@gmail.com;97645454
2;01.065.675/0001-81;COBRASEG SERV DE VGIL E SEGURANCA SS LTDA;RUA GUILHERME DA MOTA CORREIA  4567;86070-460;SHANGRI-LA;Aral Moreira;MS;cobraseg@gmail.com;30072900
2;07.679.138/0001-08;CAD PRE-FABRICADOS DE CONCRETO LTDA;ANTONIO CAPELLO,401;86072-240;PQ INDL CACIQUE;Bom Lugar;MA;cad@gmail.com;5419877
2;Sem Informação;JOAO MARIA DA SILVA;RUA CRESPIM FURQUIM SIQUEIRA, 1534;83560-000;Sem Informação;Itaperuç;PR;joao@gmail.com;58921877
2;07.229.100/0001-33;AZRO COMERCIO DE ROUPAS E MOVEIS LTDA;RUA FILIPINAS,640;82960-180;CAJURU;Taquaritinga do Norte;PE;azro@gmail.com;79241867
2;00.543.936/0001-69;GRAUNA CONSTRUCOES CIVIS LTDA;LUIZ LERCO, 209;86010-000;TERRA BONITA;Londrina;PR;grauna@gmail.com;29988306
2;00.776.228/0001-78;ORLANDO MUSSI FARAH & CIA LTDA ME;RUA MARECHAL DEODORO,2874;84600-000;RIO DAREIA;União da Vitória;PR;orlando@gmail.com;25849855
2;85.021.582/0001-45;VVS CONSTRUCOES LTDA;RUA JOSE DO PATROCINIO ESQ C/ 13 DE MAIO;85800-000;REGIAO DO LAGO;Juruá;AM;vvs@gmail.com;76187533
2;85.470.771/0001-03;SCHUMAR CONSTRUCOES LTDA;AV VW AUDI 1200;83000-000;CAMPO LARGO DA ROSEI;São José dos Pinhais;PR;schumar@gmail.com;38927348
2;10.201.434/0001-03;C.R. ANTUNES & CIA LTDA;RUA LUDOVIKO KAMINSKI 246;80000-000;CIC;Curitiba;PR;c.r.@gmail.com;77410955
2;10.201.166/0001-20;DOCE CACAU LTDA;RUA BRIGADEIRO FRANCO,2300, LOJA 402;80250-903;BATEL;Curitiba;PR;doce@gmail.com;1854848
2;00.252.666/0001-37;ZINHOS SERV HID P CONST CIVIL LTDA; OBRA AV GETULIO VARGAS 881;80230-030;Sem Informação;Sem-Peixe;MG;zinhos@gmail.com;56641753
2;03.215.265/0001-03;ASSOC P DES DA MULHER DE CTBA B MULHER;PRACA CARLOS GOMES,329;80020-310;CENTRO;Osvaldo Cruz;SP;assoc@gmail.com;69632735
2;Sem Informação;TORLIM ALIMENTOS;MARINGA;SI;Sem Informação;Maringá;PR;torlim@gmail.com;36714852
2;06.261.459/0001-25;RHS COMERCIO ESTRUTURAS METALICAS LTDA;RUA EINSTEIN,727;83408-040;VILA GUARANI;Icaraí de Minas;MG;rhs@gmail.com;20177719
2;76.631.910/0001-34;TOQUE DE CLASSE PRES E ARTESANATOS LTDA;RUA AUGUSTO STRESSER,1510;80040-310;HUGO LANGE;Riacho Frio;PI;toque@gmail.com;82720655
2;05.246.537/0001-50;JOSE CARDOSO HORTIFRUTIGRANJEIRO ME;RODOVIA PR 317 KM 65,2856;87065-901;CEASA;Maringá;PR;jose@gmail.com;79721707
2;02.142.547/0001-57;AFONSO NOVAK-SERV.CONT. S/C.LTDA.;VERISSIMO MARQUES,1089;83005-410;CENTRO;São José dos Pinhais;PR;afonso@gmail.com;71008261
2;09.518.923/0002-95;VANGUARD HOME CURITIBA EMPREENDIMENTOS IMOBILIARIOS;RUA JOAO FALARZ, 555;80000-000;ORLENAS;Curitiba;PR;vanguard@gmail.com;48875686
2;07.752.145/0001-98;ALCIR J. DE OLIVEIRA - CAVACOS ME;ESTRADA MARQUES DE ABRANTES S/N;83480-000;PILARES;Natividade;RJ;alcir@gmail.com;41855178
2;11.286.923/0001-78;HOSIR DE LIMA VOISKI - SERRARIA;RUA A S/N Q-B L 10B;84200-000;DIST. INDUSTRIAL;Jaguariaíva;PR;hosir@gmail.com;32706117
2;04.962.542/0001-04;SYRING EDITORA GRAFICA LTDA;RUA PROF MARIA DE ASSUMPCAO,489;81630-040;HAUER;Curitiba;PR;syring@gmail.com;8405805
2;79.065.181/0013-28;DISTRIBUIDORA CURITIBA DE PAPEIS E LIVROS S A;AV LUIZ XAVIER, 78;80020-000;CENTRO;Carazinho;RS;distribuidora@gmail.com;13432269
2;72.224.736/0001-54;USISTAMP IND E COM PROD PLAST METAL LTDA;RUA LADISLAU GEMBAROSKI,289;83707-090;SAO MIGUEL;Pitangueiras;PR;usistamp@gmail.com;15402317
2;12.747.204/0001-70;ROSANI MARIA GOETZ KROTH E CIA LTDA;RUA PIO XII,260;85802-170;VILA TOLENTINO;Cascavel;PR;rosani@gmail.com;64777073
2;76.169.234/0001-29;LABORATORIO BIOMEDICO S C LTDA;RUA ENGENHEIRO SCHAMBER,856;84010-340;CENTRO;Ponta Grossa;PR;laboratorio@gmail.com;84589427
2;08.252.193/0001-80;FUNDATECH GEOTECNIA E FUNDA‚ÍES ESPECIAIS LTDA;AV. MOLEVADE, 31;87030-400;ZONA 10;Castelândia;GO;fundatech@gmail.com;16469420
2;43.709.799/0009-50;ISS SERVISYSTEM DO BRASIL LTDA;AV JUSCELINO K DE OLIVEIRA, 2600;81260-900;CIC;Curitiba;PR;iss@gmail.com;90854101
2;75.097.428/0001-01;HOSPITAL PINEL LTDA;P‚A JOAQUIM MENELAU DE ALMEIDA TORRES,70 CURITIBA;81610-010;V HAUER;Lagoa Grande do Maranhão;MA;hospital@gmail.com;89775565
2;75.150.284/0009-59;CAMACUA TRANSPORTE PETROLEO LTDA;R. GUAIPO, 313;87111-120;Sem Informação;Sarandi;PR;camacua@gmail.com;57305576
2;04.018.563/0001-68;SUPERMERCADO NANDI LTDA;AV DAS NACOES, 45;85875-000;CENTRO-STA TEREZINHA;Coruripe;AL;supermercado@gmail.com;83777581
2;03.368.638/0001-78;AAM DO BRASIL LTDA;AV DAS NACOES,2051_(205?);83700-000;ESTACAO;Araucária;PR;aam@gmail.com;71535249
2;06.906.628/0001-37;GUERREIRO E LUIS LTDA;AV. NOSSA SENHORA DE LOURDES,63;81530-020;JARDIM DAS AMERICA;Curitiba;PR;guerreiro@gmail.com;1730877
2;76.753.144/0001-80;EMPREITEIRA BEZERRA E LIMA SC LTDA;LOTE 3 DA QUADRA 12,158;83055-395;P VILA IPANEMA;São José dos Pinhais;PR;empreiteira@gmail.com;43468391
2;15.375.991/0009-11;TODIMO MATERIAIS PARA CONSTRUCAO LTDA;AV. ARTHUR THOMAS,1037;86065-000;JARDIM BANDEIRANTES;Vale do Paraíso;RO;todimo@gmail.com;60441395
2;84.792.183/0001-15;FUNDACAO PROMOVER;R JOAQUIM NABUCO,59;84026-080;26 DE OUTUBRO;Canavieiras;BA;fundacao@gmail.com;85335220
2;81.640.096/0001-54;A REIS E REIS LTDA;BR 153 KM 500;84600-000;KM 500;Águia Branca;ES;a@gmail.com;76860397
2;04.656.743/0001-75;L J BELOTTO E CIA LTDA ME;ARMANDO LUIZ ARROSI,979;85901-020;CENTRO;Toledo;PR;l@gmail.com;64396809
2;75.190.983/0001-75;FAMOSSUL MOVEIS S.A;AVENIDA PARANA;83860-000;TRIGOLANDIA;Natividade;RJ;famossul@gmail.com;19825338
2;81.747.867/0001-07;CONSTR ALMANARY EMPREENDIMENTOS E ASSESSORIA LTDA;AV. AYRTON SENA, 750;86010-000;GLB PALHANO;Paulista;PE;constr@gmail.com;94102137
2;76.024.876/0001-30;EMPO EMP CURITIBANA DE SAN E CONST CIVIL;RUA MATEUS LEME, 2.511;80530-010;CENTRO CIVICO;Altair;SP;empo@gmail.com;66679490
2;78.116.670/0006-70;CIA BEAL DE ALIMENTOS;RUA BRIGADEIRO FRANCO 641;80430-210;MERCES;Pancas;ES;cia@gmail.com;92780562
2;11.951.086/0001-54;ELIZEU CUSTODIO DO AMARAL;RUA LUCIO PEREIRA, 116;80000-000;TINGUI;Curitiba;PR;elizeu@gmail.com;98378254
2;07.366.502/0001-80;MACEDO & CHARNESCKI OFICINA MECANICA LTDA.;R ROCKEFELLER 174;80230-130;REBOUCAS;Curitiba;PR;macedo@gmail.com;23568429
2;03.675.068/0001-69;CHIOCCA & POLETTO LTDA;RUA MARECHAL RONDON NR 3363;85811-280;_CANCELI;Aracitaba;MG;chiocca@gmail.com;99322780
2;08.408.872/0001-03;CENTRO DE FORNACAO DE COND MERCES LTDA;AV MANOEL RIBAS 1349;80810-000;MERCES;Toledo;PR;centro@gmail.com;76144276
2;06.303.088/0001-05;ASSOCIACAO DE DEFESA MEIO AMBIENTE DE REIMER;AV REP ARGENTINA 1347;80620-010;A VERDE;Simões;PI;associacao@gmail.com;47502482
2;04.346.648/0001-75;NESSI MARINS DA SILVA - ME;RUA JABOTICABEIRA, 354;84061-430;SANTA PAULA;Bom Jardim;RJ;nessi@gmail.com;6982460
2;72.094.758/0001-47;CURIONI E BIOLLO LTDA;PROLONG AV TAPEJARA SAO JORGE,707;87780-000;ZONA RURAL;Paraíso do Norte;PR;curioni@gmail.com;66749000
2;78.127.271/0001-08;MADEIREIRA RICKLI LTDA;RODOVIA PR 151 KM 130;84145-000;CENTRO;Primeira Cruz;MA;madeireira@gmail.com;79980957
2;03.381.374/0001-92;FABRICA DE MOVEIS MATELANDIA LTDA;RUA CARLOS TURRI,711;85887-000;JARDIM GUAIRACA;Figueirão;MS;fabrica@gmail.com;25909678
2;03.696.654/0001-90;PIRAMIDE MARMORARIA E GRANITOS LTDA;ALAMEDA BOM PASTOR,380;83015-140;JARDIM OURO FINO;Riozinho;RS;piramide@gmail.com;19971025
2;05.128.149/0001-74;CERAMICA ARAPONGAS LTDA;ESTRADA P LAGEADO BONITO;84350-000;SANTO ANTONIO;Altair;SP;ceramica@gmail.com;3570331
2;03.446.922/0001-15;RACING CONSULTORIA TECNICA E COMERCIAL LTDA.;RUA CAPITAO SOUZA FRANCO,848 - SALA 151;80730-420;BIGORRILHO;Apiaí;SP;racing@gmail.com;53025769
2;Sem Informação;ALESSANDRO GOUVEIA DA SILVA;AV. JULES RIMET, 1433/1459;85858-000;PQ RES MORUMBI I;Foz do Iguaçu;PR;alessandro@gmail.com;32122476
2;14.015.00113/81;HARRY ANTONIE VAN NOORT;ARAPOTI;84990-000;Z RURAL;Arapoti;PR;harry@gmail.com;51985418
2;08.385.093/0001-21;CERRO VERDE TRANSPORTES E LOGISTICA S A;ROD BR 277 KM 596;85804-200;NUCLEO DE PROD GUAR;Manoel Urbano;AC;cerro@gmail.com;49502953
2;01.538.390/0001-10;JOSE PREIS;AV IGUACU;85600-000;CENTRO;Tamarana;PR;jose@gmail.com;83506628
2;00.087.038/0001-43;SIMéTRICA ENG. DE OBRAS LTDA;RUA HERMINIO ROCHA BARBOSA, 600;83060-207;GUATUPêS - SJP;Ibiporã;PR;simétrica@gmail.com;39657101
2;51.966.612/0006-89;KEIPER DO BRASIL LTDA;RUA ROCHA POMBO 2561 MODULO 4;83010-620;AGUAS BELAS;São José dos Pinhais;PR;keiper@gmail.com;44008486
2;76.592.484/0050-55;BINOTTO SA LOGISTICA TRANSPORTE E DISTRIBUICAO;AVENIDA JORGE WALTER,540;87302-020;CENTRO;Santa Luzia;MA;binotto@gmail.com;64486124
2;Sem Informação;MOZART GOMES RIBEIRO;RUA  TIRADENTES S/N;87180-000;JARDIM PROGRESSO;Presidente Castelo Branco;PR;mozart@gmail.com;98163358
2;03.652.966/0001-00;SERRALHERIA NEVES LTDA ME;AV AMERICO BELAY,800;87023-000;JD IMPERIAL II;Maringá;PR;serralheria@gmail.com;38360521
2;01.660.823/0001-06;CENTRO DE FORMACAO DE CONDUTORES CONFIANCA LTDA;RUA JOAO HOLZMANN, 39;84030-180;UVARANAS;Ponta Grossa;PR;centro@gmail.com;38572443
2;06.127.174/0001-04;SISTEMA APOIO DE ENSINO E EDITORACAO S S LTDA;RUA TUPI,366;86020-350;CENTRO;Senhor do Bonfim;BA;sistema@gmail.com;19815056
2;76.147.578/0001-37;EMISA PLAENGE ENGENHARIA LTDA;BR 277, KM 120;83601-160;RIVABEN;Medina;MG;emisa@gmail.com;1681513
2;79.353.686/0001-54;B R J CONSTRUCOES CIVIS LTDA;CAMILO DE LELIS, 348_(CENTRO COMERCIAL ZEN);83324-000;PINHAIS;Quedas do Iguaçu;PR;b@gmail.com;71146329
2;10.247.826/0002-94;Sem Informação;AV. MG, 3200;SI;Sem Informação;Cariacica;ES;sem@gmail.com;76203936
2;09.010.780/0001-25;E M DA FONSECA - CARNES;RUA ARAUCARIA,388;87043-630;JARDIM PINHEIROS;Riacho Frio;PI;e@gmail.com;68208468
2;10.606.117/0001-77;G M GARLETTO E CIA LTDA;AV. SANTOS DUMONT, 1565;86010-000;Sem Informação;Olímpia;SP;g@gmail.com;20799766
2;77.903.789/0001-15;ACIG ASSOC CIAL E EMPRESARIAL DE GPUAVA;RUA XV DE NOVEMBRO, 7292;85010-100;CENTRO;Cujubim;RO;acig@gmail.com;96755763
2;77.134.427/0001-07;WOSGRAU EMPREENDIMENTOS IMOBILIARIOS SA;RUA BALDUINO TAQUES,502;84010-050;CENTRO;Ponta Grossa;PR;wosgrau@gmail.com;93307382
2;07.632.653/0001-32;JOSELMA MARIA CAVALHEIRO;RUA DUQUE DE CAXIAS,25;85155-000;CENTRO;Inácio Martins;PR;joselma@gmail.com;40986656
2;01.258.944/0005-50;AMERICA LATINA LOGISTICA_MALHA SUL S.A.;RUA EMILIO BERTOLINI,100;82920-030;VILA OFICINAS;São José dos Cordeiros;PB;america@gmail.com;16459937
2;77.338.424/0020-58;FOLHA DE LONDRINA GRAFICA;AV. DEZ DE DEZEMBRO,4000;86010-840;CENTRO;Cruzeta;RN;folha@gmail.com;26979480
2;01.950.923/0002-58;PICK UP INDUSTRIA E COMERCIO DE CABINES LTDA-ME;RODOVIA BR 376 KM 158 LOTE 170 A-B;87160-000;PRQ IND PREF HILTON;Paulista;PE;pick@gmail.com;52016300
2;78.588.431/0006-12;CASA VISCARDI S A COM E IMPORTACAO;AV WINSTON CHURCHILL,1310;86080-120;PQ OURO VERDE;Vicentinópolis;GO;casa@gmail.com;99678531
2;79.207.957/0001-63;QUIMITOL IND E COM DE PROD QUIM LTDA;AV PARIGOT DE SOUZA,80;85906-180;JARDIM PORTO ALEGR;Bom Lugar;MA;quimitol@gmail.com;1886936
2;14.230.00273/82;LAZARO ANDRE DE SOUZA;SITIO SANTO ANDRé - ESTR CONSELHEIRO ZACARIAS;86430-000;ESTR CONS ZACARIAS;Albertina;MG;lazaro@gmail.com;18388005
2;76.566.686/0007-30;KUSMA E CIA LTDA;RUA JOAQUIM NABUCO,680;83040-210;SAO CRISTOVAO;Leme;SP;kusma@gmail.com;56532691
2;09.568.574/0001-35;ZENILDA ROSA BISCAIA;ESTRADA CERRADO DA ROSEIRA,1;84200-000;CERRADO DA ROSEIRA;Gouveia;MG;zenilda@gmail.com;94865363
2;01.084.652/0001-14;R.HERTZ E CIA LTDA;R. VOLUNTÁRIOS DA PÁTRIA, 240;80020-000;CENTRO;Rubim;MG;r.hertz@gmail.com;31798408
2;59.291.534/0084-94;CASA BAHIA COMERCIAL LTDA;RUA MAL. FLORIANO PEIXOTO, 6274;80000-000;VILA HAUER;Aracitaba;MG;casa@gmail.com;63266631
2;28.170.322/0005-21;ENSEG SERVICOS ENG. E SEGURANCA LTDA.;RUA JOAO SILVA,436;86210-000;PARTE;Jataizinho;PR;enseg@gmail.com;75778024
2;75.190.983/0001-75;FAMOSSUL MOVEIS S.A;AVENIDA PARANA;83860-000;TRIGOLANDIA;Natividade;RJ;famossul@gmail.com;19825338
2;Sem Informação;OSVALDO FLORENCIO RIBEIRO;ROD BR 116 - KM 79;SI;PALMITAL;Olímpia;SP;osvaldo@gmail.com;27640054
2;08.659.733/0001-44;CENTRO ODONTOLOGICO MAE RAINHA LTDA;AVENIDA BRASIL NR 5431;85801-000;__CENTRO;São João Evangelista;MG;centro@gmail.com;56449865
2;75.228.403/0001-91;JULIA ADAM EMP MIN E AGUAS S A;VILA TERMAS DE JUREMA;87280-000;AGUA QUENTE;Iretama;PR;julia@gmail.com;72434517
2;11.062.022/0001-00;LAPORTE VIDAL CONFECCOES LTDA;AV GASTãO VIDIGAL 3284;SI;Sem Informação;Maringá;PR;laporte@gmail.com;95102342
2;07.801.753/0001-45;IRMAOS PUCINELLI E CIA LTDA ME;RUA VISCONDE DE GUARAPUAVA, 1946;80250-220;CENTRO;Curitiba;PR;irmaos@gmail.com;6580263
2;02.906.608/0001-05;FORMIGHIERI IND COM DE MOVEIS E DEC LTDA;RUA DR MURICI,156;83015-290;COSTEIRA;São José dos Pinhais;PR;formighieri@gmail.com;69093330
2;01.341.315/0001-65;ANTONIO DORIGUELO MARTIRE;RUA 19 DE DEZEMBRO,1219;86200-000;JARDIM SAO FRANCISC;Pilar do Sul;SP;antonio@gmail.com;32575661
2;04.155.775/0001-97;ASSOCIACAO DOS LOJISTAS DO DALLAS MODA SHOPPING;ROD. PR.323 KM 70;87200-000;ZONA SUBURBANA;Floresta do Araguaia;PA;associacao@gmail.com;97979811
2;76.396.159/0001-39;M H CZEZACKI E CIA LTDA;RUA VER PRIMO MONTESCHIO,250;87005-000;ZONA 02;Afonso Bezerra;RN;m@gmail.com;89733234
2;02.646.429/0002-67;NITROGENIUS PRODUTOS QUIMICOS LTDA;JOAO LUNARDELLI, 1651;81460-100;CIC;Venha-Ver;RN;nitrogenius@gmail.com;1252017
2;04.443.356/0001-50;PANIFICADORA ROESLER LTDA;RUA CAPITAO LEONIDAS MARQUES,324;81540-470;UBERABA;Curitiba;PR;panificadora@gmail.com;81154742
2;84.895.598/0001-14;INCOMESP IND E COM DE MAQ ESPECIAIS LTDA;RUA FRANCISCO MEIRA MARTINS,93;85100-970;CDI;Apiaí;SP;incomesp@gmail.com;56507134
2;Sem Informação;OSVALDO FLORENCIO RIBEIRO;ROD BR 116 - KM 79;SI;PALMITAL;Olímpia;SP;osvaldo@gmail.com;27640054
2;77.128.882/0002-80;DEST DE ALCOOL IBAITI LTDA;ROD PR 435 KM 35;84900-000;FAZ. SANTA LAURA;Ibaiti;PR;dest@gmail.com;66008293
2;77.968.980/0005-79;FLORENCA VEICULOS S A;AV. PREFEITO ERASTO GAERTNER, 529;82510-160;BACACHERI;Touros;RN;florenca@gmail.com;83591236
2;06.906.628/0001-37;GUERREIRO E LUIS LTDA;AV. NOSSA SENHORA DE LOURDES,63;81530-020;JARDIM DAS AMERICA;Curitiba;PR;guerreiro@gmail.com;1730877
2;06.303.088/0001-05;ASSOCIACAO DE DEFESA MEIO AMBIENTE DE REIMER;AV REP ARGENTINA 1347;80620-010;A VERDE;Simões;PI;associacao@gmail.com;47502482
2;10.248.398/0001-33;LAC CONFEC‚ÍES LTDA-ME;RUA MARANHÌO, S/N¼ - CENTRO;87565-000;Sem Informação;Cafezal do Sul;PR;lac@gmail.com;75090636
2;10.689.568/0001-15;SERVITEC CONSTRUCOES LTDA;RUA LUCILA BALLALAI, 300;86010-000;JDM PETROPOLIS;Araœjos;MG;servitec@gmail.com;65171182
2;85.065.449/0001-90;COOPERATIVA DOS TRABALHADORES AITONOMOS DE LONDRINA;RUA GUILHERME AUGUSTO MENOSIM, 310;86084-000;JD. CAMPOS VERDES;Londrina;PR;cooperativa@gmail.com;73169126
2;05.198.617/0001-87;ODARAH SERV ADM DEPTO PESSOAL E COMPRAS LTDA;BR 277 - RIMATUR;80000-000;ORLEANS;Taperoá;PB;odarah@gmail.com;2940120
2;07.229.100/0001-33;AZRO COMERCIO DE ROUPAS E MOVEIS LTDA;RUA FILIPINAS,640;82960-180;CAJURU;Taquaritinga do Norte;PE;azro@gmail.com;79241867
2;76.493.626/0001-49;CLUBE CURITIBANO;AV PRES GETULIO VARGAS,2857;80240-040;AGUA VERDE;Curitiba;PR;clube@gmail.com;68021264
2;06.895.723/0001-82;GRANOLAB DO BRASIL SA TEC PARA IND ALIM;RUA JOAO BETTEGA 5800;80000-000;Sem Informação;Santana da Ponte Pensa;SP;granolab@gmail.com;64826472
2;01.570.343/0001-54;PITLAK E CIA LTDA;RUA JUSCELINO KUBITSCHEK, 1000;81280-140;CIC;Engenheiro Navarro;MG;pitlak@gmail.com;53332783
2;77.655.009/0001-65;LATICíNIOS CAROLINA;RUA BENJAMIN CONSTANT, 840;86410-000;CENTRO;Ribeirão Claro;PR;laticínios@gmail.com;22418913
2;82.394.446/0001-02;ETIBORR ESTAMPAS SERIGRAFICAS LTDA;RUA XV DE NOVEMBRO,210;83323-250;CENTRO;Pinhais;PR;etiborr@gmail.com;2644653
2;09.247.890/0001-05;CMBC CONSTRUCOES E DEMOLICOES LTDA;CYRO CORREIA PEREIRA 151;80000-000;CIC;Canavieiras;BA;cmbc@gmail.com;51148660
2;76.533.660/0001-08;COLLE S A CERAMICA SAO MARCOS;RUA ERNESTO EDMUNDO WEIGERT,290;82600-380;BACACHERI;Paulo Jacinto;AL;colle@gmail.com;81137005
2;05.667.710/0001-93;BOVINO NOBRE COML GEN ALIMENTICIOS LTDA;RUA FERNANDO DE NORONHA,1460;82640-350;STA CANDIDA/BARREIRI;Pastos Bons;MA;bovino@gmail.com;89989522
2;01.821.267/0001-02;IMOBILIARIA LOPES;RUA GON‚ALVES DIAS NÀ581;SI;BATEL;Curitiba;PR;imobiliaria@gmail.com;40690954
2;01.258.944/0005-50;AMERICA LATINA LOGISTICA_MALHA SUL S.A.;RUA EMILIO BERTOLINI,100;82920-030;VILA OFICINAS;São José dos Cordeiros;PB;america@gmail.com;16459937
2;60.691.250/0044-87;LC ADMINISTRAçãO DE RESTAURANTES LTDA.;RODOVIA JOãO LEOPOLDO JACOMEL, 4015;83302-000;LARANJEIRAS;Rosário do Catete;SE;lc@gmail.com;97243927
2;07.759.161/0001-02;LAFFE CONSTRUTORA;R. TOCUM, 320;80000-000;UBERABA;Primeira Cruz;MA;laffe@gmail.com;71084938
2;06.161.389/0001-33;ARCANJELO E SILVA LTDA ME;AV KAKOGAWA,2506;87001-970;GLB RIB MARINGA;Maringá;PR;arcanjelo@gmail.com;99822119
2;10.817.579/0001-33;T FERREIRA RESTAURANTE;AV. PARANA,  3681;87501-000;CENTRO;Umuarama;PR;t@gmail.com;13631172
2;04.560.075/0001-88;M M VIEIRA E CIA LTDA;AV. SANTA MONICA, 450;86047-730;JARDIM FRANCAX;Londrina;PR;m@gmail.com;30820365
2;82.079.823/0001-19;CONVICTA EQUIPAMENTOS LTDA.;AV. GUATUPE, 4321 (B);83065-470;AFONSO PENA;Anta Gorda;RS;convicta@gmail.com;27435258
2;79.432.852/0001-08;F A DE MORAES BUENO;RUA MAL. FLORIANO PEIXOTO, 207 - FUNDOS;86430-000;CENTRO;Engenheiro Navarro;MG;f@gmail.com;98939247
2;76.660.885/0001-17;SABANCO DE CURITIBA SERV ASS BANC COML LTDA;RUA PROF FERNANDO MOREIRA,586;80430-080;CENTRO;Senhor do Bonfim;BA;sabanco@gmail.com;28614974
2;01.245.055/0001-24;HENRY EQUIP ELETRON E SISTEMAS LTDA;RIO PIQUIRI,400;83322-010;J WEISOPOLIS;Santana da Ponte Pensa;SP;henry@gmail.com;37113436
2;13.686.879/0001-19;CERAMICA VEREDA LTDA;RODOVIA BR 373  KM271;84400-000;Sem Informação;Cariacica;ES;ceramica@gmail.com;74856628
2;08.101.659/0001-46;BIG FLEX ESTOFADOS LTDA;AVENIDA MARACANA 5050;86706-000;PQ INDL I;Osvaldo Cruz;SP;big@gmail.com;71063416
2;04.161.364/0001-04;ESTILOARTE COUROS LTDA;ALAMEDA DOUTOR CARLOS DE CARVALHO,457;80410-180;CENTRO;Monsenhor Hipólito;PI;estiloarte@gmail.com;42478668
2;81.638.264/0011-49;DISSENHA SA INDUSTRIA E COMERCIO;COLONIA FAZENDA ANTA GORDA S/N;84610-000;ZONA RURAL;Afonso Bezerra;RN;dissenha@gmail.com;98919101
2;79.096.020/0001-68;ENGERAMA ENGENHARIA E EMPREENDIMENTOS LTDA;R RUI BARBOSA, 2000;83601-140;CENTRO;Palmeira dos êndios;AL;engerama@gmail.com;17884904
2;05.395.154/0001-43;CLINICA ODONTOLOGICA 19 DE DEZEMBRO LTDA;PRA‚A TIRADENTES, 346 1¼ ANDAR;80510-000;CENTRO;Urutaí;GO;clinica@gmail.com;65851652
2;67.156.943/0002-60;SOTRAM CONSTRUTORA E TERRAPLENAGEM LTDA;AV THOMAZ LUIZ ZABALLOS 1527;85980-000;CENTRO;Guaíra;PR;sotram@gmail.com;83894044
2;02.094.401/0002-64;COMƒRCIO DE COMBUSTêVEIS PAMPEIRO LTDA P6;AVENIDA MARECHAL DEODORO 180;80000-000;CENTRO;Ribeirãozinho;MT;comércio@gmail.com;3996065
2;02.554.149/0001-48;CSI CARGO LOGISTICA INTEGRAL S A;AV RUI BARBOSA 3000;83055-320;Sem Informação;São José dos Pinhais;PR;csi@gmail.com;41202721
2;08.101.659/0001-46;BIG FLEX ESTOFADOS LTDA;AVENIDA MARACANA 5050;86706-000;PQ INDL I;Osvaldo Cruz;SP;big@gmail.com;71063416
2;14.658.185/0001-30;CARISSIMI E ANDRADE LTDA;RUA ILHA DAS GAR‚AS ESQ. AV. DOS PATRIARCAS;83280-000;Sem Informação;Guaratuba;PR;carissimi@gmail.com;23422419
2;10.757.237/0293-19;NOVA CASA BAHIA S/A;R DOUTOR LEOCADIO CORREA,58;83203-270;CENTRO HISTORICO;Santa Tereza do Tocantins;TO;nova@gmail.com;90691130
2;57.879.827/0003-04;MEGATECH BRASIL COMPONENTES AUTOMOTIVOS LTDA;PREF DOMINGOS MOCELIN NETO,899;83420-000;BORDA DO CAMPO;Itambé;BA;megatech@gmail.com;26777770
2;01.717.457/0001-84;CENTRO DE EDUCACAO INFANTIL MASTIGANDO LETRINHAS LTDA;RUA MEXICO, 122;83505-630;JD GINESTE;Gouveia;MG;centro@gmail.com;12069808
2;79.604.773/0001-37;MINHA CASA PIZZARIA E RESTAURANTE LTDA;AVENIDA CAMILO DI LELLIS,610;83323-000;CENTRO;Pinhais;PR;minha@gmail.com;66998166
2;07.532.287/0001-40;HD USINAGEM LTDA.;TRAV QUINTA DO SOL,102;83025-080;BOM JESUS;Santa Inês;PR;hd@gmail.com;30679810
2;04.466.279/0001-54;DROGARIA EMERSON ALEXANDRE LTDA - ME.;RUA: TAVARES DE LIRA, 3435;83065-180;AFONSO PENA;São José dos Pinhais;PR;drogaria@gmail.com;34870878
2;73.340.440/0001-61;VSP COMERCIO DE ARTIGOS PARA FESTAS LTDA;RUA SALDANHA MARINHO,76;80410-150;CENTRO;Curitiba;PR;vsp@gmail.com;35089127
2;54.955.752/0001-35;NEW SPACE PROCESSAMENTO E SISTEMAS LTDA;RUA JOÌO BETTEGA, 2493;81070-001;PORTÌO;Curitiba;PR;new@gmail.com;99611981
2;43.930.759/0001-86;SERPAL ENGENHARIA E CONSTRUTORA LTDA;A. REPœBLICA ARGENTINA, 4930;85851-000;JARDIM ESMERALDA;Pancas;ES;serpal@gmail.com;14929073
2;02.043.932/0001-47;EMPREITEIRA DE OBRAS PERFORMANCE LTDA;RUA ARARA,942;83706-460;JARDIM CALIFORNIA;Viamão;RS;empreiteira@gmail.com;12765082
2;01.161.180/0003-18;TCM - LOGISTICA, TRANSPORTES & ARMAZENS GERAIS LTDA;RUA IBAITI,353;83325-060;PLANTA PORTAL SERRA;Canavieiras;BA;tcm@gmail.com;43019393
2;07.245.802/0001-00;MATA ATLANTICA CONFECCOES E COMERCIO LTDA EPP;RUA GUIANAS,133;85864-470;JD. AMERICA;Vale do Paraíso;RO;mata@gmail.com;38675981
2;76.487.032/0021-79;ELETROLUX DO BRASIL SA;RUA SEN ACCIOLY FILHO 1321;81310-000;CIC;Medina;MG;eletrolux@gmail.com;22910524
2;55.997.159/0001-14;B.K.O ENGENHARIA E COMERCIO LTDA;RUA PEDRO VIRIATO PARIGOT DE SOUZA 3901;81280-330;MOSSUNGUE;Curitiba;PR;b.k.o@gmail.com;70458462
2;08.826.338/0001-09;EMPRESA DE SERV.PORT.ITACOLOMIS LTD;RUA ENG.LUIZ AUGUSTO DE LEAO FONSECA;83370-000;PONTA DA PITA;Antonina;PR;empresa@gmail.com;97811786
2;09.248.356/0001-13;TAMANDARE COMERCIO DE MEDICAMENTOS LTDA;AVENIDA EMILIO JOHNSON,586;83501-000;CENTRO;Borborema;PB;tamandare@gmail.com;83327995
2;07.445.682/0001-95;SGLASS IND E COM DE MAQUINAS LTDA EPP;RUA FRANCISCO ANTONIO CONSOLARO 355;86806-440;PQ IND ZONA NORTE;Carazinho;RS;sglass@gmail.com;94992664
2;02.221.155/0001-83;CONCESSIONARIA ECOVIA CAMINHO DO MAR S.A;BR 277;83005-970;Sem Informação;Itapevi;SP;concessionaria@gmail.com;28089182
2;03.662.361/0001-91;COLD AIR IND E COM DE SIST DE REFRI LTDA;ESTRADA DA GRACIOSA,5823;83412-460;JD STA MONICA;Colombo;PR;cold@gmail.com;8368582
2;59.291.534/0084-94;CASA BAHIA COMERCIAL LTDA;RUA MAL. FLORIANO PEIXOTO, 6274;80000-000;VILA HAUER;Aracitaba;MG;casa@gmail.com;63266631
2;10.979.978/0001-09;J A MUNHOZ E G. DOS SANTOS LTDA;RUA PEDRO BASSO;85856-410;Sem Informação;Mercês;MG;j@gmail.com;10591508
2;76.259.910/0001-55;Sem Informação;AV. XV DE NOVEMBRO, 27;SI;Sem Informação;Moiporá;GO;sem@gmail.com;99521981
2;76.456.565/0001-40;AREAL JOAO DO VALLE LEMOS LTDA.;ESTRADA DA FAZENDINHA,4280;83700-000;PALMITAL;Ibiporã;PR;areal@gmail.com;31702073
2;75.643.429/0001-04;FUNDACAO HONORINA VALENTE;AV. ANITA GARIBALDI 1874, LJ 03;82200-530;AHU;Santa Cruz Cabrália;BA;fundacao@gmail.com;49210141
2;77.954.543/0001-72;CATEDRAL CONSTRUCOES CIVIS LTDA;RUA JOVENILSON AMERICO DE OLIVEIRA,240;81480-420;CIC;Santa Rosa da Serra;MG;catedral@gmail.com;88117933
2;81.243.735/0001-48;POSITIVO INFORMATICA S/A;RUA JOAO BETTEGA, 5200;81350-000;CIC;Curitiba;PR;positivo@gmail.com;400880
2;84.858.364/0001-05;ROMANINI E CIA LTDA;RUA GUABIROTUBA,312;80215-200;PRADO VELHO;Curitiba;PR;romanini@gmail.com;18048406
2;75.963.827/0001-08;LAR TRANSPORTES LTDA;AVENIDA BRASILIA,550;85884-000;CONDA;Simões;PI;lar@gmail.com;50485275
2;14.183.00034/81;AURO M. HASEGAWA;RUA XV DE NOVEMBRO,243;85170-000;Sem Informação;Pinheirinho do Vale;RS;auro@gmail.com;47600844
2;10.979.978/0001-09;J A MUNHOZ E G. DOS SANTOS LTDA;RUA PEDRO BASSO;85856-410;Sem Informação;Mercês;MG;j@gmail.com;10591508
2;80.237.555/0001-90;ANTONIO MORO E CIA LTDA;RUA CORONEL VIVIDA,122;84036-310;VILA CIPA;São Caetano do Sul;SP;antonio@gmail.com;83959967
2;85.073.732/0004-07;BIANCHI E FILHOS LTDA;RODOVIA BR 158,4550;85503-300;TREVO DO PATINHO;Ipueiras;CE;bianchi@gmail.com;86280250
2;82.529.371/0002-00;KF LOCACOES DE EQUIPAMENTOS INDUSTRIAIS;AV PRESIDENTE KENNEDY,401;84052-465;JARDIM MARACANA;Palmeira dos êndios;AL;kf@gmail.com;6616634
2;01.109.470/0001-50;RIVABEM LOCADORA DE MAQUINAS P/CONSTRUCAO LTDA;MARGINAL AYRTON SENA DA SILVA, 2530;83605-420;OURO VERDE;Campo Largo;PR;rivabem@gmail.com;49556443
2;61.528.030/0017-27;TETRA PAK LTDA.;RODOVIA BR 376;83280-000;Sem Informação;Quedas do Iguaçu;PR;tetra@gmail.com;31876298
2;75.992.065/0001-60;ENGISA INSPEçãO E PESQUISA APLICADA ˆ INDœSTRIA LTDA.;RUA SANTO INáCIO, 555;83324-080;EMILIANO PERNETA;Pinhais;PR;engisa@gmail.com;24877479
2;79.113.841/0001-65;GENKO SHIMABUKURO COMERCIO DE CAL‚ADOS LTDA;AVENIDA BRASIL, 3200 MARINGÁ-PR;87013-000;CENTRO;Rolante;RS;genko@gmail.com;77054453
2;00.547.289/0001-63;U TEC MECANICA INDUSTRIAL LTDA;RUA SALGADO FILHO,2574;83320-340;JARDIM P DEMETERCO;Turvolândia;MG;u@gmail.com;21322215
2;12.327.497/0001-36;CEDIMAR CANDIDO & CIA LTDA;RUA ANGELIN FANECO,34;86046-500;JD. SAO PAULO;Traipu;AL;cedimar@gmail.com;23198208
2;09.085.860/0001-40;FORMA SERVICOS LTDA EPP;RODOVIA PR 317 KM 05;87065-000;GLEBA RIBEIRAO PING;Novo Acordo;TO;forma@gmail.com;69183845
2;07.987.935/0001-52;K D F C DE ANDRADE LABORATORIO ME;RUA CEL DULCIDIO,1317;84010-280;CENTRO;Ponta Grossa;PR;k@gmail.com;54718216
2;02.601.159/0001-97;FORCE VIGILANCIA LTDA;R ANDRE DE BARROS, 398;80010-080;CENTRO;Paulo Jacinto;AL;force@gmail.com;10565795
2;82.472.481/0001-00;METHAL COMPANY INDUSTRIAL LTDA;RUA JOAO CHEDE, 2675;81170-220;CIC;Curitiba;PR;methal@gmail.com;26292952
2;00.939.755/0001-56;PC FIGUEIREDO E IRMAO LTDA;ROD BR 277 KM 1225 SN;83606-400;BOM JESUS;Pitangueiras;PR;pc@gmail.com;49417463
2;04.850.833/0001-00;CEPEVIL-CENT DE PROC ENERG VITORIA LTDA;ROD BR 476 KM 358 S/N;84600-000;OURO VERDE;Medina;MG;cepevil-cent@gmail.com;41176142
2;12.609.886/0001-54;MICHELI DE MELO THADDEU - IND E COM DE CONFECCOES;AV. JULES VERNE, 318;86072-450;JD. MARIA LUCIA;Guaporema;PR;micheli@gmail.com;36292958
2;07.532.287/0001-40;HD USINAGEM LTDA.;TRAV QUINTA DO SOL,102;83025-080;BOM JESUS;Santa Inês;PR;hd@gmail.com;30679810
2;82.316.373/0001-30;HARBOR OPERADORA PORTUARIA LTDA;AV JOSE DA COSTA LEITE,251 1AN;83209-658;VILA PRIMAVERA;Conceição do Castelo;ES;harbor@gmail.com;27020673
2;04.850.833/0001-00;CEPEVIL-CENT DE PROC ENERG VITORIA LTDA;ROD BR 476 KM 358 S/N;84600-000;OURO VERDE;Medina;MG;cepevil-cent@gmail.com;41176142
2;03.328.695/0001-23;LIJEAN-COMERCIO DE CONFECCOES FEMININAS LTDA-ME;AV.DEP. JOSE ALVES DOS SANTOS,3530;87070-380;JARDIM BRASILIA;Maringá;PR;lijean-comercio@gmail.com;89421856
2;09.518.923/0002-95;VANGUARD HOME CURITIBA EMPREENDIMENTOS IMOBILIARIOS;RUA JOAO FALARZ 555;81280-270;ORLEANS;Varginha;MG;vanguard@gmail.com;10573172
2;01.699.343/0001-59;R FRANCO ENGENHARIA LTDA;AV JUSCELINO K DE OLIVEIRA, 11825;81450-903;CIC;Itacoatiara;AM;r@gmail.com;23471709
2;10.913.707/0001-42;F SILVA NETO - EMPREITEIRA;OBRA RUA NEO ALVES MARTINS 1916;87013-000;Sem Informação;Maringá;PR;f@gmail.com;43475879
2;Sem Informação;A DE CASTRO ME;AV. MAUA, 2065;87050-020;Sem Informação;Maringá;PR;a@gmail.com;35801384
2;10.139.528/0001-08;RAMATTC MONT E MANUT INDUSTRIAL LTDA;AV WISTON CHURCHILL,968;81130-000;CAPAO RASO;Baía Formosa;RN;ramattc@gmail.com;26132966
2;02.914.460/0046-52;SEARA ALIMENTOS S/A;ROD. BR 153, S/N, KM 15;86400-000;Sem Informação;Orlândia;SP;seara@gmail.com;48234718
2;78.381.613/0001-03;KAPERSUL INDUSTRIA E COMERCIO DE PAPEIS S A;AVENIDA DAS ARAUCÁRIAS NÀ3001;81880-400;PINHEIRINHO;Anta Gorda;RS;kapersul@gmail.com;38721423
2;97.334.106/0001-63;TRES ELOS INDUSTRIA E COM.CALCADOS LTDA;AV.CURITIBA 370;86800-005;BARRA FUNDA;Propriá;SE;tres@gmail.com;71710425
2;61.099.834/0594-03;ARTHUR LUNDGREN TECIDOS S.A.;RODOVIA CELSO GARCIA CID;86050-901;UNIVERSITARIO;Aracitaba;MG;arthur@gmail.com;98843978
2;Sem Informação;JOSENEI CARMO PINTO;ESTRADA PONTA GROSSA ACIMA, CAIXA POSTAL 22;83570-000;Sem Informação;Manacapuru;AM;josenei@gmail.com;30975505
2;06.913.036/0001-42;CRISAG INDUSTRIA E COMERCIO DE BRINDES LTDA;RUA ADAO IWANKIW,45;86800-767;PQUE INDL ZONA OEST;Getulina;SP;crisag@gmail.com;69943350
2;01.137.302/0001-79;PALLET DO BRASIL IND E COM DE ART MAD;RUA JOAO BETTEGA,6011;81350-000;CIC;Goiânia;GO;pallet@gmail.com;46365299
2;76.546.399/0014-97;DIPLOMATA DISTRIBUICAO E VAREJO LTDA;RUA PROF. ALFREDO PARODI,224;83702-070;CENTRO;Paulo Jacinto;AL;diplomata@gmail.com;72976188
2;03.841.751/0001-29;TS CURSOS PREPARATORIOS LTDA;RUA DOUTOR PEDROSA, 313;80420-120;CENTRO;Ribeirãozinho;MT;ts@gmail.com;52394197
2;76.440.577/0001-86;CLINICA HEIDELBERG LTDA;RUA PADRE AGOSTINHO,687;80430-050;MERCES;Curitiba;PR;clinica@gmail.com;19922255
2;00.132.834/0001-50;ANITA TABORDA;RUA MINAS GERAIS,29;86010-030;CENTRO;Florestal;MG;anita@gmail.com;55844598
2;81.410.920/0001-80;A SILVA E R SILVA LTDA;ROD BR 476 SN KM 42;83450-000;BOCAIUVA DO SUL;Vale do Paraíso;RO;a@gmail.com;58277380
2;09.243.814/0001-21;VIA CRIATIVA LTDA;RUA PRIMEIRO DE MAIO, 151;84070-050;NOVA RUSSIA;Palmeirópolis;TO;via@gmail.com;85143421
2;85.092.252/0001-40;A. GUEDES DE SOUZA E CIA LTDA-M.E.;RODVIA DO CAFE, KM 247;84350-000;ROD. DO CAFE;Novo Acordo;TO;a.@gmail.com;70418633
2;11.517.841/0010-88;CIA SULAMERICANA DE DISTRIBUICAO;AV TAMANDARE 903;87013-210;Sem Informação;Maringá;PR;cia@gmail.com;95096725
2;03.119.648/0001-70;CATARATAS DO IGUACU S/A;BR.469 - KM 18 S/N;85851-090;PARQUE NAC.DO IGUACU;Bom Lugar;MA;cataratas@gmail.com;81405895
2;00.939.755/0001-56;PC FIGUEIREDO E IRMAO LTDA;ROD BR 277 KM 1225 SN;83606-400;BOM JESUS;Pitangueiras;PR;pc@gmail.com;49417463
2;01.525.449/0001-36;CLEIDE DE SOUZA ZAMPIRI;RODOVIA DAS PRAIAS, KM 18 SN;83255-000;PRAIA DE LESTE;Capão do Leão;RS;cleide@gmail.com;88087180
2;07.014.669/0004-24;FARMACIA CAMPOS GERAIS LTDA EPP;RUA RUA CASTANHEIRA 295;84061-410;SANTA PAULA;Ponta Grossa;PR;farmacia@gmail.com;61964442
2;06.911.620/0001-69;JOVELINA DA SILVA LUCIANO E CIA LTDA;RUA PEDRO PEREIRA, 147;86150-000;Sem Informação;Sapucaia;RJ;jovelina@gmail.com;71199306
2;51.202.30006/71;TONIAL CONSTRUCOES E EMPREENDIMENTOS IMOBILIARIOS LTDA;RUA IBIPORA, 1151;85501-020;Sem Informação;Pereiras;SP;tonial@gmail.com;73788773
2;76.501.253/0008-87;IMPRESSORA PARANAENSE S.A.;RODOVIA REGIS BITTENCOURT, KM 2,5__S/N;81310-415;XAXIM;Trindade do Sul;RS;impressora@gmail.com;76147855
2;11.758.791/0001-30;L. F. DE MATOS MADEIRAS;RUA ARARAS S/N;86870-000;VL NOVA PORã;Ivaiporã;PR;l.@gmail.com;55447854
2;78.588.431/0018-56;CASA VISCARDI S A COM E IMPORTACAO;RUA MABIO GONCALVES PALHANO,1025;86055-585;GLEBA PALHANO;Pancas;ES;casa@gmail.com;57712906
2;00.164.700/0001-11;JGB ENGENHARIA CIVIL LTDA;RUA. CEL AMAZONAS MARCONDES,418;80035-230;CABRAL;Piedade de Caratinga;MG;jgb@gmail.com;10167979
2;76.567.874/0001-97;DISTRIBUIDORA CURITIBANA DE VEIC.LTDA;BR116 N 1785;82590-100;ATUBA;Curitiba;PR;distribuidora@gmail.com;37853274
2;Sem Informação;Sem Informação;RUA ARMELINO NONINO, 470;SI;JD. MONTE REI;Caxambu do Sul;SC;sem@gmail.com;36443493
2;81.108.912/0001-83;BENEDITO DE OLIVEIRA FILHO BICICLETARIA ME;AV ANITA GARIBALDI,34;83504-485;CACHOEIRA;Almirante Tamandaré;PR;benedito@gmail.com;93615814
2;04.817.881/0001-99;SUDACOR INDUSTRIA E COMERCIO DE TINTAS LTDA;RUA OSORIO STRAPASSON N64 TERR;83413-710;CENTRO IND MAUA;Colombo;PR;sudacor@gmail.com;35872300
2;09.618.680/0001-86;PG MOVEIS COMERCIO DE MOVEIS LTDA;AV CARLOS CAVALCANTI, 252A;84025-000;UVARANAS;Bom Jesus do Amparo;MG;pg@gmail.com;88142284
2;03.714.539/0001-09;EMPRESA FUNERARIA SESF LTDA ME;RUA VER PRIMO MONTESCHIO,250;87005-000;ZONA 02;Maringá;PR;empresa@gmail.com;31649182
2;07.759.161/0001-02;LAFFE CONSTRUTORA;R. TOCUM, 320;80000-000;UBERABA;Primeira Cruz;MA;laffe@gmail.com;71084938
2;84.874.726/0003-05;KAEFER AGRO INDUSTRIAL LTDA;EST CASCAVEL P/ CAFELANDIA S/N;85802-970;ZONA RURAL;Jequiá da Praia;AL;kaefer@gmail.com;96669001
2;07.859.642/0005-13;TORLIM ALIMENTOS SA;RODBR 323 KM 3,S/N;87140-000;GLEBA RIBEIRAO PAIC;Parnaguá;PI;torlim@gmail.com;77555467
2;05.947.598/0001-44;BRASLAMD IND E COM DE MADEIRAS LTDA;ESTRADA DO LAGEADO;83870-000;LAGEADO;Campo do Tenente;PR;braslamd@gmail.com;23791810
2;75.524.413/0001-74;EMPRESA PIONEIRA DE TRANSPORTES S/A;RUA DOMICILIANO T BRESOLIN,775;85816-080;SAO CARLOS;Manacapuru;AM;empresa@gmail.com;78610494
2;08.703.971/0001-00;MOVEIS ARCANJO LTDA;RUA FRANCISCO PACHECO DA CUNHA 69;86600-000;JD FLORESTA;Rolândia;PR;moveis@gmail.com;98127872
2;85.001.279/0001-80;RLS LOCADORA DE VEICULOS E TRANSPORTE ESCOLAR LTDA.;FRANCISCO DEROSSO,1200;81720-000;XAXIM;Pastos Bons;MA;rls@gmail.com;31753467
2;80.531.015/0004-68;ORGANIZACAO EDUCACIONAL EXPOENTE LTDA;AVENIDA MARINGA,350;83324-000;EMILIANO PERNETA;Anchieta;SC;organizacao@gmail.com;86995112
2;05.208.199/0001-61;CONSTRUTORA TOMATHEIA LTDA;AV PRES TANCREDO NEVES,551;85800-000;CENTRO;Cascavel;PR;construtora@gmail.com;80526257
2;75.719.443/0001-36;ASSOC DOS SERV DO INANPS PR ASSINAMPS;RUA DO ROSARIO,144;80020-110;CENTRO;Curitiba;PR;assoc@gmail.com;96163095
2;76.157.593/0001-66;MARIO DOS SANTOS SILVESTRE;AV. FRANCISCO LACERDA JUNIOR,1459;86300-000;CENTRO;Divino;MG;mario@gmail.com;93897836
2;77.338.424/0020-58;FOLHA DE LONDRINA GRAFICA;AV. DEZ DE DEZEMBRO,4000;86010-840;CENTRO;Cruzeta;RN;folha@gmail.com;26979480
2;14.051.00080/84;GREVIL MARIANO DO NASCIMENTO;BARRA BONITA;83580-000;Sem Informação;Vista Gaœcha;RS;grevil@gmail.com;11018220
2;51.201.17711/03;AUDEIR DE FATIMA FARIAS AUED;RUA AMAPA 1920;87704-070;CENTRO;Munhoz;MG;audeir@gmail.com;10463228
2;77.698.983/0001-06;CONSTRUTORA TOMASI LTDA.;RUA EMILIO CORNELSEN, 500;80000-000;AHU;Curitiba;PR;construtora@gmail.com;65864808
2;01.701.201/0685-73;HSBC BANK BRASIL SA BANCO MULTIPLO;R JACOB MACANHAN, 34;83326-000;CENTRO;Pilar do Sul;SP;hsbc@gmail.com;65131540
2;76.259.910/0001-55;Sem Informação;AV. XV DE NOVEMBRO, 27;SI;Sem Informação;Moiporá;GO;sem@gmail.com;99521981
2;04.711.363/0001-96;EMBALAGENS ARAPONGAS INDUSTRIA E COMERCIO LTDA.;RUA JURITI,100;86706-010;VL INDUSTRIAL;Goiânia;GO;embalagens@gmail.com;33649921
2;02.121.518/0001-09;ENKAR ENGENHARIA;RUA MANOEL PADILHA DE LIMA;80000-000;AHU;Manoel Urbano;AC;enkar@gmail.com;47745178
2;01.567.200/0003-55;RACALTO BRASIL AGROPECUARIA LTDA;AV CERRO AZUL,1633;87010-000;ZONA 02;Maringá;PR;racalto@gmail.com;76690536
2;Sem Informação;MESSIAS ROBERTO DE NASCIMENTO;ROYAL TENNIS RESIDENCE, QUADRA 05. LOTE 05B;86027-580;Sem Informação;Londrina;PR;messias@gmail.com;91115816
2;01.701.201/0365-31;HSBC BANK BRASIL SA BANCO MULTIPLO;R QUINTINO BOCAIUVA 317,99999;86020-150;MISTER THOMAZ;Londrina;PR;hsbc@gmail.com;8379800
2;09.160.226/0001-24;STOPETROLEO S A COMERCIO DE DERIVADOS DE PETROLEO;AV BRASIL,2655;85816-290;CENTRO;São João das Duas Pontes;SP;stopetroleo@gmail.com;52339958
2;00.543.936/0001-69;GRAUNA CONSTRUCOES CIVIS LTDA;LUIZ LERCO, 209;86010-000;TERRA BONITA;Londrina;PR;grauna@gmail.com;29988306
2;79.115.358/0004-62;CASA DE COURO SANTA RITA LTDA;AV BRASIL______NR 7056;85810-000;__CENTRO;Rolante;RS;casa@gmail.com;34676603
2;14.230.00185/80;WILSON FERREIRA;SITIO SANTO ANTONIO;86430-000;BARRA MANSA;Santo Antônio da Platina;PR;wilson@gmail.com;4210442
2;72.220.353/0001-08;ESTILOS CONSTRUCOES PROJETOS E EXECUCOES LTDA;RUA TAPAJOS, 344;85501-060;CENTRO;Pato Branco;PR;estilos@gmail.com;33139876
2;81.747.867/0001-07;CONSTR ALMANARY EMPREENDIMENTOS E ASSESSORIA LTDA;AV. AYRTON SENA, 750;86010-000;GLB PALHANO;Paulista;PE;constr@gmail.com;94102137
2;05.368.134/0001-83;A P ROCHA E CIA LTDA;AVENIDA SETE DE SETEMBRO,5606;80240-000;BATEL;Anta Gorda;RS;a@gmail.com;62545113
2;40.451.874/0001-80;CLINICA OSWALDO CRUZ SC LTDA;R AGENOR PIERRI 182;81170-100;CIDADE INDUSTRIAL;Curitiba;PR;clinica@gmail.com;28366527
2;05.603.470/0001-63;CONEXOES CHIVA LTDA ME;RUA JOSE JOAQUIM BALHS S/N PALMAS-PR;85555-000;ALTO DA GLORIA;Buriticupu;MA;conexoes@gmail.com;55633010
2;43.930.759/0001-86;SERPAL ENGENHARIA E CONSTRUTORA LTDA;A. REPœBLICA ARGENTINA, 4930;85851-000;JARDIM ESMERALDA;Pancas;ES;serpal@gmail.com;14929073
2;00.072.112/0001-58;CLIN DOENCAS RENAIS DE S J PINHAIS LTDA;RUA PAULINO SIQUEIRA CORTES,2304;83005-030;CENTRO;Itabuna;BA;clin@gmail.com;99037403
2;81.203.416/0001-09;WILMAR MIGUEL SANTI;RUA PRESIDENTE VARGAS,740;85710-000;CENTRO;Santa Inês;PR;wilmar@gmail.com;81690314
2;10.606.117/0001-77;G M GARLETTO E CIA LTDA;AV. SANTOS DUMONT, 1565;86010-000;Sem Informação;Olímpia;SP;g@gmail.com;20799766
2;04.466.279/0001-54;DROGARIA EMERSON ALEXANDRE LTDA - ME.;RUA: TAVARES DE LIRA, 3435;83065-180;AFONSO PENA;São José dos Pinhais;PR;drogaria@gmail.com;34870878
2;14.057.00149/88;ADILSON GASPARIN SILVA MOTIN GASPAR;RUA QUINZE DE NOVEMBRO, 286;83414-000;CENTRO;Olímpia;SP;adilson@gmail.com;3648256
2;01.695.570/0001-06;ROSELI M D NETZEL E CIA LTDA;RUA GONçALVES DIAS, 1368;83601-020;CENTRO;Santa Inês;PR;roseli@gmail.com;27902067
2;00.208.932/0001-24;CLINIRAD CLINICA DE RADIOT LTD;RODOVIA DO CAQUI (PR 506) N. 1150;83430-000;ARACATUBA;Campina Grande do Sul;PR;clinirad@gmail.com;63494882
2;80.906.779/0026-04;COROL COOPERATIVA AGROINDUSTRIAL;ROD PR 170, KM 02 LOTE 166-A;86600-000;RODOVIA;Rolândia;PR;corol@gmail.com;83974152
2;07.137.397/0001-07;VALE MAIS COM DE GEN ALIMENTICIOS LTDA;RUA MARECHAL HERMES,2825;83065-000;AFONSO PENA;São José dos Pinhais;PR;vale@gmail.com;40179158
2;00.114.007/0001-34;E M COSTA E COSTA LTDA;RUA PAVAO,445;86701-290;CENTRO;Arapongas;PR;e@gmail.com;56225620
2;05.198.617/0001-87;ODARAH SERV ADM DEPTO PESSOAL E COMPRAS LTDA;BR 277 - RIMATUR;80000-000;ORLEANS;Taperoá;PB;odarah@gmail.com;2940120
2;01.740.116/0019-59;SISTALI LTDA;AV RUI BARBOSA;83055-320;Sem Informação;Urutaí;GO;sistali@gmail.com;53126844
2;04.676.488/0001-22;GRAFFO PARANAENSE DE EMBALAGENS LTDA;R TOMAZINA 254;83324-380;PORTAL DA SERRA;Rosário do Catete;SE;graffo@gmail.com;66711540
2;Sem Informação;CERAMICA SANTA EDIVIRGEM;RUA VILA NOVA 2010;SI;CACHOEIRA;São José dos Pinhais;PR;ceramica@gmail.com;12396475
2;03.061.081/0001-28;MACLATEX IND TECIDOS E CONFECCOES LTDA;ADAO IWANKIW,150;86800-970;PARQ INDL ZONA;Coruripe;AL;maclatex@gmail.com;35917844
2;05.818.592/0001-77;J.C. RODRIGUES - AUTO PECAS - ME.;AV. CIDADE DE LEIRIA,96;87013-280;ZONA 04;Maringá;PR;j.c.@gmail.com;15674120
2;05.012.399/0001-44;ISHIZU E ISHIZU LTDA;RUA PARANAGUA 450 LJ 01, 02 E 03;87020-190;ZONA 07;Maringá;PR;ishizu@gmail.com;25392511
2;76.214.816/0001-80;PAULO JELINSKI;ESTRADA DA GRACIOSA,91;83321-000;ATUBA;Apiaí;SP;paulo@gmail.com;66266609
2;93.209.765/0402-59;WMS SUPERMERCADOS DO BRASIL LTDA;AVENIDA COLOMBO LUC 107, 9537;87070-000;PARQ IND BANDEIRANT;Santa Rosa de Viterbo;SP;wms@gmail.com;58674850
2;02.528.828/0001-42;NILO RIBEIRO DA SILVA ME;RUA CAMBUCI,328;86380-000;VILA SANTA INES;Andirá;PR;nilo@gmail.com;57052031
2;03.009.901/0001-32;INPROFER IND FERRAMENTAS E INJECAO LTDA;RUA VITORIO BENJAMIM MOCELIN 00099;83402-390;JD SAO MARCOS;Edéia;GO;inprofer@gmail.com;81187747
2;07.122.148/0001-48;CAPRI PROMOCOES E EVENTOS LTDA;ROD. CURITIBA PTA GROSSA,3001;82305-100;MOSSUNGUE;Curitiba;PR;capri@gmail.com;81892444
2;76.487.032/0021-79;ELETROLUX DO BRASIL SA;RUA SEN ACCIOLY FILHO 1321;81310-000;CIC;Medina;MG;eletrolux@gmail.com;22910524
2;00.453.637/0001-33;PAVANI INSTALAçõES ELéTRICAS E EMP. MãO-DE-OBRA LTDA;OBRA PEDáGIO BR 376;80000-000;S.JOSé PINHAIS RMC;Conceição do Castelo;ES;pavani@gmail.com;94517897
2;07.446.558/0001-44;NELSON POLISELI E FILHOS LTDA;RUA JURUTAU, 1470 TERREO;86700-000;Sem Informação;Rio Negro;PR;nelson@gmail.com;51669957
2;78.101.821/0001-01;PREFEITURA MUNICIPAL DE VERA CRUZ DO OESTE;RUA RUI BARBOSA,202;85845-000;CENTRO;São João das Duas Pontes;SP;prefeitura@gmail.com;3987748
2;06.020.383/0001-46;VITA SORRISO ORTODONTIA SS;RUA MONSENHOR CELSO,339;80010-150;CENTRO;Curitiba;PR;vita@gmail.com;20318037
2;61.099.834/0594-03;ARTHUR LUNDGREN TECIDOS S.A.;RODOVIA CELSO GARCIA CID;86050-901;UNIVERSITARIO;Aracitaba;MG;arthur@gmail.com;98843978
2;86.789.492/0002-42;JOHNNY ELIZEU STOPA & CIA LTDA;RUA RIACHUELO, 134;80020-250;CENTRO;Santa Cruz Cabrália;BA;johnny@gmail.com;97739466
2;06.913.036/0001-42;CRISAG INDUSTRIA E COMERCIO DE BRINDES LTDA;RUA ADAO IWANKIW,45;86800-767;PQUE INDL ZONA OEST;Getulina;SP;crisag@gmail.com;69943350
2;08.966.502/0001-83;AMORIM & BATISTA LTDA;RUA PIAUI, 399;86010-420;CENTRO;Taquaritinga do Norte;PE;amorim@gmail.com;90246456
2;09.550.636/0001-81;SERRA LEOA CONST. E SERVIçOS LTDA;AV. DOS PINHEIRAIS, 650;80000-000;ARAUCARIA RMC;Curitiba;PR;serra@gmail.com;79178149
2;07.245.802/0001-00;MATA ATLANTICA CONFECCOES E COMERCIO LTDA EPP;RUA GUIANAS,133;85864-470;JD. AMERICA;Vale do Paraíso;RO;mata@gmail.com;38675981
2;08.717.090/0001-48;L C LAZAROTTO E CIA LTDA;AV WINSTON CHURCHILL, 2630 LOJA 65;81130-970;PINHEIRINHO;Guaribas;PI;l@gmail.com;74958118
2;74.017.591/0003-08;BEST PARK ESTACIONAMENTO LTDA EPP S JARD;AVENIDA SILVA JARDIM,1033;80230-000;CENTRO;Palmeira dos êndios;AL;best@gmail.com;79874922
2;07.580.512/0001-13;GLOBOAVES SAO PAULO AGROAVICOLA LTDA;ROD. BR 467 KM 03 S/N,1;85814-000;ALVORADA;Borborema;PB;globoaves@gmail.com;17248797
2;82.079.823/0001-19;CONVICTA EQUIPAMENTOS LTDA.;AV. GUATUPE, 4321 (B);83065-470;AFONSO PENA;Anta Gorda;RS;convicta@gmail.com;27435258
2;77.688.174/0001-13;CONSTRUTORA PALANGER LTDA;RUA CARAMURU, 270, SALA 1;85501-060;CENTRO;Conceição das Alagoas;MG;construtora@gmail.com;74677135
2;Sem Informação;HSBC BANK BRASIL SA BANCO MULTIPLO;R SETE DE SETEMBRO 133,99999;80000-000;CENTRO;Curitiba;PR;hsbc@gmail.com;82926182
2;08.431.037/0001-86;J MIARA COM DE PAES E DOCES LTDA;AUGUSTO STRESSER,823;80040-310;JUVEVE;Curitiba;PR;j@gmail.com;44260846
2;81.638.264/0022-00;DISSENHA SA IND COM GUARAIPOS;FAZ GUARAIPOS;84600-000;GUARAIPOS;União da Vitória;PR;dissenha@gmail.com;31900846
2;02.914.460/0047-33;SEARA ALIMENTOS S/A;AV. PR, SN  -  QUADRA 56/57;86400-000;MARQUES DOS REIS;Pilar do Sul;SP;seara@gmail.com;62279582
2;05.357.824/0001-37;L DUQUE DUQUE LTDA EPP;RUA CONDOR,321;86030-300;INDUSTRIAS LEVES;Ibiporã;PR;l@gmail.com;21572618
2;76.436.849/0001-74;ENGEFOTO ENGENHARIA E AEROLEVANTAMENTOS SA;R FREI FRANCISCO MONT ALVERNE, 750;81540-410;Sem Informação;Borborema;PB;engefoto@gmail.com;21837469
2;06.193.209/0001-03;EUROBANCO ACESSORIOS PARA VEICULOS LTDA ME;RUA DIOGO MUGIATTI, 891;81730-360;BOQUEIRAO;Cujubim;RO;eurobanco@gmail.com;3899760
2;76.719.236/0001-44;SABOIA HOTEIS E TURISMO LTDA;RUA DOUTOR MURICY,419;80010-120;CENTRO;Carazinho;RS;saboia@gmail.com;30265173
2;05.998.023/0001-50;ORDESC ORG P DESENV SOCIAL E CIDADANIA;EURIPEDES GARCEZ DO NASCIMENTO,565;80540-280;AHU;Altair;SP;ordesc@gmail.com;97645454
2;84.683.432/0091-90;COMERCIAL SALFER LTDA;AV. BRASIL, 3415;87013-000;CENTRO;Juína;MT;comercial@gmail.com;33382512
2;09.274.244/0001-37;MARIA OLIMPIA ANDRADE ROCHA;AV BRASILIA,6978;86030-280;PQ. INDUSTRIAS LEVE;Matelândia;PR;maria@gmail.com;93526247
2;60.746.948/0069-00;BANCO BRADESCO S A;R MARECHAL DEODORO,168/170;80010-010;CENTRO;Caxambu do Sul;SC;banco@gmail.com;16499972
2;00.887.515/0001-55;RAMOS & MOROTTI LTDA;AV. MAUA,1959;87050-020;ZONA 03;Maringá;PR;ramos@gmail.com;56660839
2;Sem Informação;FRANCISCO LUCIO DOS SANTOS;RUA WILSON GOMES RAMOS, 671;SI;ABRANCHES;Curitiba;PR;francisco@gmail.com;39348091
2;14.057.00065/89;ALBINO BRUNO DIETRICH;RUA MARIO STRAPASSON, 105;82560-000;IMBUIAL-COLOMBO;Valença;BA;albino@gmail.com;8438158
2;05.773.495/0001-05;SOCIEDADE EDUCACIONAL JAGUARIAIVA S S LTDA. ME;RUA PORTO VELHO SN,1;84200-000;PEDRINHA;Jaguariaíva;PR;sociedade@gmail.com;69324069
2;73.546.384/0001-16;INTEGRARE CLêN. REAB. FISIOT. E TERAP. INTEGRADAS LTDA.;RUA JOÌO NEGRÌO, 380, CONJUNTO 101;80010-200;CENTRO;Corguinho;MS;integrare@gmail.com;94982306
2;07.679.138/0001-08;CAD PRE-FABRICADOS DE CONCRETO LTDA;ANTONIO CAPELLO,401;86072-240;PQ INDL CACIQUE;Bom Lugar;MA;cad@gmail.com;5419877
2;76.719.236/0001-44;SABOIA HOTEIS E TURISMO LTDA;RUA DOUTOR MURICY,419;80010-120;CENTRO;Carazinho;RS;saboia@gmail.com;30265173
2;01.570.343/0001-54;PITLAK E CIA LTDA;RUA JUSCELINO KUBITSCHEK, 1000;81280-140;CIC;Engenheiro Navarro;MG;pitlak@gmail.com;53332783
2;09.649.019/0001-38;IND TINTAS E REVESTIMENTOS REALCOR LTDA;RUA JANDAIA DO SUL,504;80060-240;EMILIANO PERNETA;Santa Bárbara do Pará;PA;ind@gmail.com;70963274
2;76.487.032/0001-25;ELETROLUX DO BRASIL S/A;RUA MINISTRO GABRIEL PASSOS, 360;81520-900;GUABIROTUBA;Curitiba;PR;eletrolux@gmail.com;60866977
2;07.554.908/0001-96;AGUIA DOURADA PROPAGANDAS;RUA PITANGUI, 34 OU RUA TAPAJOS, 294;86027-280;JD. CASTELO;Turvolândia;MG;aguia@gmail.com;67996253
2;78.367.521/0020-31;GRANOSUL AGROINDUSTRIAL LTDA;RODOVIA MELLO PEIXOTO, 1683, KM 159;86185-700;Sem Informação;Valença;BA;granosul@gmail.com;61461845
2;07.853.960/0001-43;P L INDUSTRIA DE CONFECCOES LTDA;AVENIDA AMERICA,639;87200-000;CIANORTINHO;Piracicaba;SP;p@gmail.com;13787056
2;01.387.347/0001-00;CONDOMINIO EDIF BAHIA BLANCA;AL DR CARLOS DE CARVALHO,1041;80430-180;CENTRO;Conceição das Alagoas;MG;condominio@gmail.com;72335854
2;Sem Informação;EMPREITEIRO;RUA JOSE RISSETO, 231;80000-000;SANTA FELICIDADE;Itabirito;MG;empreiteiro@gmail.com;47251196
2;80.532.245/0001-07;PAVIMENTACOES BLOCO CERTO LTDA;RUA RIO SAO FRANCISCO,1101;83322-020;JD WEISSOPOLIS;Batayporã;MS;pavimentacoes@gmail.com;15356052
2;79.128.302/0001-08;INCOL INDUSTRIA DE COMPENSADOS LTDA;AV. INDEPENDENCIA,5885;83700-000;CAMPINA DAS PEDRAS;Caarapó;MS;incol@gmail.com;187777
2;02.714.885/0001-16;A A F MOMI E MOMI LTDA;AV. ITORORó, 1349;87010-460;ZONA 04;São José dos Cordeiros;PB;a@gmail.com;83333909
2;03.215.265/0001-03;ASSOC P DES DA MULHER DE CTBA B MULHER;PRACA CARLOS GOMES,329;80020-310;CENTRO;Osvaldo Cruz;SP;assoc@gmail.com;69632735
2;00.277.769/0001-51;PROPRESS EDITORA E GRAFICA LTDA_- EPP;RUA TENENTE FRANCISCO FERREIRA DE SOUZA, 470;81630-010;VILA HAUER;Lagoa Grande do Maranhão;MA;propress@gmail.com;91215032
2;79.113.841/0001-65;GENKO SHIMABUKURO COMERCIO DE CAL‚ADOS LTDA;AVENIDA BRASIL, 3200 MARINGÁ-PR;87013-000;CENTRO;Rolante;RS;genko@gmail.com;77054453
2;81.676.124/0001-93;AGUIA QUIMICA LTDA.;RODOVIA PR 151 KM 116;84072-190;JARDIM ELDORADO;Ponta Grossa;PR;aguia@gmail.com;19047910
2;05.945.919/0002-52;NEW FIT IND COM AP GINASTICA IMP EXP LTDA;RUA FORTALEZA,2757;85805-160;JARDIM CRISTAL;Goiânia;GO;new@gmail.com;40046267
2;02.682.212/0001-21;VISAFER COMERCIO E MANUTENCAO LTDA;RUA PIONEIRO JOSE ROMANO,165;87065-250;JD IVEMAR;Maringá;PR;visafer@gmail.com;14488039
2;13.336.439/0001-31;P. H. IMES GON‚ALVES CENTRO AUTOMOTIVO;AV. SANTOS DUMONT, 200;86039-080;JD. BOA VISTA;Pejuçara;RS;p.@gmail.com;5990928
2;00.056.621/0001-97;CASA NOSSA INDUSTRIA DE CERAMICA LTDA;EST AGUA CLARA, S/N, LOTES 146 E 148;87215-000;ZONA RURAL;São Manoel do PR;PR;casa@gmail.com;26060803
2;04.249.794/0001-82;FATIMA DA ROSA INDUSTRIA DE CARVAO;ESTR MUN GUARAPUAVA MANGUEIRINHA KM 110;85195-000;FAZENDA RESERVA;Pintadas;BA;fatima@gmail.com;23553036
2;07.208.403/0001-70;EPILOGO CONFECCOES LTDA;AVENIDA AMERICA,649;87200-000;CIANORTINHO;Caxambu do Sul;SC;epilogo@gmail.com;52902502
2;10.247.826/0002-94;Sem Informação;AV. MG, 3200;SI;Sem Informação;Cariacica;ES;sem@gmail.com;76203936
2;81.064.511/0001-79;UNIMED APUCARANA COOP DE TRABALHO MEDICO;RUA CLOTARIO PORTUGAL, 927;86800-020;Sem Informação;Bom Jardim;RJ;unimed@gmail.com;18431810
2;03.423.991/0001-03;CRISTIANO BATISTA DE JESUS;RUA JOSEPHA DEREN DESTEFANI,230;81650-310;BOQUEIRAO;Lagoa Grande do Maranhão;MA;cristiano@gmail.com;74884391
2;93.209.765/0236-72;WMS SUPERMERCADOS DO BRASIL LTDA;RUA MANDAGUARI, 617;83324-410;JD PEDRO DEMETERCO;Florestal;MG;wms@gmail.com;42886185
2;07.208.403/0001-70;EPILOGO CONFECCOES LTDA;AVENIDA AMERICA,649;87200-000;CIANORTINHO;Caxambu do Sul;SC;epilogo@gmail.com;52902502
2;50.012.38110/82;SERGIO SEIDI SASAKI;LOTE 497/10 E 539;87001-970;Sem Informação;Maringá;PR;sergio@gmail.com;62418626
2;47.960.950/0084-59;MAGAZINE LUIZA S A;GOIAS,60961;87200-000;CENTRO;Cianorte;PR;magazine@gmail.com;31408492
2;79.065.561/0001-29;GIONI COM DE ALIMENTOS LTDA EPP;AV NOSSA SRA APARECIDA,75;80440-000;SEMINARIO;Curitiba;PR;gioni@gmail.com;82642355
2;00.329.182/0001-49;CENDIPAR CENTRO DIAG.DO PARANA SC LTDA;ALAMEDA PRUDENTE DE MORAES,536;80430-220;CENTRO;Curitiba;PR;cendipar@gmail.com;66807297
2;75.719.443/0001-36;ASSOC DOS SERV DO INANPS PR ASSINAMPS;RUA DO ROSARIO,144;80020-110;CENTRO;Curitiba;PR;assoc@gmail.com;96163095
2;86.789.492/0002-42;JOHNNY ELIZEU STOPA & CIA LTDA;RUA RIACHUELO, 134;80020-250;CENTRO;Santa Cruz Cabrália;BA;johnny@gmail.com;97739466
2;76.753.599/0001-04;MULIK CONST EMPREEND LTDA;RUA DR MOTTA JUNIOR, 1520;83000-000;CENTRO;Planalto;SP;mulik@gmail.com;29082067
2;05.360.964/0001-64;JV CORDEIRO SERVICOS DE ENTREGAS LTDA;RUA PRES ARTHUR COSTA E SILVA,1352;83430-000;JD PAULISTA;Campina Grande do Sul;PR;jv@gmail.com;87791945
2;10.638.504/0001-95;VIA COSTA CONSTRUçõES LTDA.;PRUDENTE DE MORAES,523;85908-200;JARDIM EUROPA;Toledo;PR;via@gmail.com;70251024
2;03.840.986/0031-11;SAINT-GOBAIN DISTRIBUI‚ÌO BRASIL LTDA;AV COLOMBO,3361;87030-120;PQUE INDL BANDEIRAN;Cujubim;RO;saint-gobain@gmail.com;57397455
2;10.431.600/0001-68;STRADIOTTO & STRADIOTTO LTDA;CAROLINA MANAFES LIGOKI,305__(BR 376 KM 14,5);83015-805;BARRO PRETO;São José dos Pinhais;PR;stradiotto@gmail.com;28592316
2;78.116.670/0006-70;CIA BEAL DE ALIMENTOS;RUA BRIGADEIRO FRANCO 641;80430-210;MERCES;Pancas;ES;cia@gmail.com;92780562
2;Sem Informação;OBRA DE DEVONSIR FARIAS;RUA ALMIRANTE BARROSO, 80;80000-000;ALM. TAMANDARé RMC;Coruripe;AL;obra@gmail.com;70287171
2;53.004.313/0019-03;FERTIMPORT SA;RUA MANOEL CORREA,1195;83203-410;ALTO SAO SEBASTIAO;Novo Acordo;TO;fertimport@gmail.com;30583199
2;03.119.648/0001-70;CATARATAS DO IGUACU S/A;BR.469 - KM 18 S/N;85851-090;PARQUE NAC.DO IGUACU;Bom Lugar;MA;cataratas@gmail.com;81405895
2;01.865.637/0001-03;AJARDINI PAISAGISMO LTDA;AV SEN SALGADO FILHO, 1050;81510-000;GUABIROTUBA;Santa Rita do Trivelato;MT;ajardini@gmail.com;17925931
2;04.842.074/0001-26;AS INFORMATICA LTDA;RUA PADRE ANCHIETA, 71 TERREO;80000-000;MERCES;Curitiba;PR;as@gmail.com;88798314
2;00.776.228/0001-78;ORLANDO MUSSI FARAH & CIA LTDA ME;RUA MARECHAL DEODORO,2874;84600-000;RIO DAREIA;União da Vitória;PR;orlando@gmail.com;25849855
2;08.784.297/0001-35;ALG ESTACIONAMENTOS LTDA;RUA PRESIDENTE FARIAS,259;80020-290;CENTRO;Varginha;MG;alg@gmail.com;22532991
2;11.806.788/0001-44;PIGATTO & SOARES LTDA ME;RUA PROF CARDOSO FONTES, 1100;84050-550;RONDA;Taperoá;PB;pigatto@gmail.com;13929930
2;75.963.827/0001-08;LAR TRANSPORTES LTDA;AVENIDA BRASILIA,550;85884-000;CONDA;Simões;PI;lar@gmail.com;50485275
2;08.768.690/0001-35;BCA INDòSTRIA E COMƒRCIO DE CONFEC‚ÍES LTDA;AV. ALZIRO ZARUR, 387;87080-590;VILA VARDELINA;Maringá;PR;bca@gmail.com;94053435
2;07.446.558/0001-44;NELSON POLISELI E FILHOS LTDA;RUA JURUTAU, 1470 TERREO;86700-000;Sem Informação;Rio Negro;PR;nelson@gmail.com;51669957
2;03.830.727/0001-94;CENTRO DE FORMA O DE COND INTERLAGOS LTDA;PRA A SANTANA,32;86380-000;CENTRO;Touros;RN;centro@gmail.com;35462285
2;11.517.841/0012-40;CIA SULAMERICANA DE DISTRIBUICAO;AV PEDRO TAQUES 294;87030-000;Sem Informação;Maringá;PR;cia@gmail.com;94593970
2;03.840.986/0031-11;SAINT-GOBAIN DISTRIBUI‚ÌO BRASIL LTDA;AV COLOMBO,3361;87030-120;PQUE INDL BANDEIRAN;Cujubim;RO;saint-gobain@gmail.com;57397455
2;34.420.02230/87;ANTONIO MOREIRA E OUTROS;FAZENDA SÌO JUDAS TADEU;87750-000;ZONA RURAL;Capão do Leão;RS;antonio@gmail.com;22535332
2;03.696.654/0001-90;PIRAMIDE MARMORARIA E GRANITOS LTDA;ALAMEDA BOM PASTOR,380;83015-140;JARDIM OURO FINO;Riozinho;RS;piramide@gmail.com;19971025
2;07.633.359/0001-45;SIQSERVICE SERVICOS LTDA;RUA ANNE FRANK 611936;81730-010;BOQUEIRAO;Manacapuru;AM;siqservice@gmail.com;98206670
2;09.518.923/0002-95;VANGUARD HOME CURITIBA EMPREENDIMENTOS IMOBILIARIOS;RUA JOAO FALARZ 555;81280-270;ORLEANS;Varginha;MG;vanguard@gmail.com;10573172
2;07.620.252/0001-62;A‚OS MUNDIAL COMERCIAL LTDA;DR MURICI,3600 SÌO JOSƒ DOS PINHAIS-PR;83085-310;COLONIA MURICI;Rio Negro;PR;aços@gmail.com;40466490
2;11.424.095/0001-97;GUEST HOTELARIA LTDA;R ALMIRANTE BARROSO,2006;85851-010;CENTRO;Foz do Iguaçu;PR;guest@gmail.com;66811028
2;01.218.966/0001-62;SENSOR LIGHT MATERIAL ELETRICO LTDA;R. DIAMANTE DO NORTE,216;81250-370;CIC;Curitiba;PR;sensor@gmail.com;81216289
2;07.642.768/0001-08;CONDOMINIO RESIDENCIAL VILLA MONTESE;RUA MONTESE,315;80220-150;PAROLIN;Curitiba;PR;condominio@gmail.com;39556552
2;05.035.532/0002-69;METRONORTE COMERCIAL DE VEICULOS LTDA.;AV JK, 2700;86010-540;CENTRO;Toledo;PR;metronorte@gmail.com;5477154
2;03.825.816/0001-42;USINAGEM LISECKI LTDA EPP;RUA PROF. ALGACYR MUNHOZ MADER, 3410;81350-010;CIC;Palmeirópolis;TO;usinagem@gmail.com;49128918
2;02.334.471/0003-23;USINA SAO TOME S/A;RODOVIA PR 492 KMM 47;87800-000;ZONA RURAL;Rondon;PR;usina@gmail.com;10623160
2;72.314.776/0001-97;EDITORA GRAFICA OPET LTDA;RUA DES. HUGO SIMAS,N¼1220 TERREO;80520-250;BOM RETIRO;Arinos;MG;editora@gmail.com;91004003
2;61.405.999/0002-24;MONOFIL CIA INDUSTRIAL MONOFILAMENTOS;AV VISCONDE DE MAUA,3460;84043-000;VENDRAMI;Ponta Grossa;PR;monofil@gmail.com;88103268
2;09.402.897/0001-54;L CALDERAN E CIA LTDA;RUA RIO GRANDE DO NORTE, 830;85813-090;COUNTRY;Floresta do Araguaia;PA;l@gmail.com;31002395
2;81.638.264/0001-77;DISSENHA SA INDUSTRIA E COMERCIO;RUA EMILIO KRONI 558;84600-000;ROCIO;Simões;PI;dissenha@gmail.com;41758240
2;01.649.166/0001-04;PROH COMUNICACOES LTDA;RUA NICOLAU MAEDER, 881;80030-001;ALTO DA GLORIA;Itaobim;MG;proh@gmail.com;24565697
2;76.546.399/0005-04;DIPLOMATA DISTRIBUICAO E VAREJO LTDA;RUA ANTONIO MEIRELES SOBRINHO NE686;82900-240;CAJURU;Praia Norte;TO;diplomata@gmail.com;77548202
2;76.630.573/0003-22;COMPANHIA DE CIMENTO ITAMBE;LOC PAIOL COCHO;83601-777;RIO BONITO;Moiporá;GO;companhia@gmail.com;50875974
2;05.395.154/0001-43;CLINICA ODONTOLOGICA 19 DE DEZEMBRO LTDA;PRA‚A TIRADENTES, 346 1¼ ANDAR;80510-000;CENTRO;Urutaí;GO;clinica@gmail.com;65851652
2;04.118.250/0001-81;JCG MARMORES;RODOVIA ALEXANDRA MATINHOS;83260-000;SERTAOZINHO;Mercês;MG;jcg@gmail.com;52971453
2;04.711.363/0001-96;EMBALAGENS ARAPONGAS INDUSTRIA E COMERCIO LTDA.;RUA JURITI,100;86706-010;VL INDUSTRIAL;Goiânia;GO;embalagens@gmail.com;33649921
2;76.891.936/0001-11;BOX E ESQUADRIAS DE ALUMINIO ESTRELA LTDA;RUA CEL. AMAZONAS MARCONDES, 552 FORD METROPOLIT.;80035-230;CABRAL;Cruzeta;RN;box@gmail.com;6373151
2;05.290.369/0001-08;CERAMICA AUDONE LTDA;LOCALIDADE DE CAMPINA 00,1;84430-000;ZONA RURAL;Cruzeta;RN;ceramica@gmail.com;6812535
2;01.717.457/0001-84;CENTRO DE EDUCACAO INFANTIL MASTIGANDO LETRINHAS LTDA;RUA MEXICO, 122;83505-630;JD GINESTE;Gouveia;MG;centro@gmail.com;12069808
2;80.224.785/0001-15;ELETROTRAFO PRODUTOS ELETRICOS LTDA;AV. DR. FCO. LACERDA JR,1551;86300-000;CENTRO;Cariacica;ES;eletrotrafo@gmail.com;1664951
2;97.383.558/0001-35;MARMORARIA ACQUA VERDE LTDA - ME;R ELEODORO RODRIQUES SEIXAS 100;85855-300;PORTO MEIRA;Riozinho;RS;marmoraria@gmail.com;71192293
2;76.456.565/0001-40;AREAL JOAO DO VALLE LEMOS LTDA.;ESTRADA DA FAZENDINHA,4280;83700-000;PALMITAL;Ibiporã;PR;areal@gmail.com;31702073
2;01.341.315/0001-65;ANTONIO DORIGUELO MARTIRE;RUA 19 DE DEZEMBRO,1219;86200-000;JARDIM SAO FRANCISC;Pilar do Sul;SP;antonio@gmail.com;32575661
2;04.656.743/0001-75;L J BELOTTO E CIA LTDA ME;ARMANDO LUIZ ARROSI,979;85901-020;CENTRO;Toledo;PR;l@gmail.com;64396809
2;14.015.00033/81;GERHARD ALEX VAN ARAGON;CHACARA ARLA, S/N;84990-000;LAGOA;Viamão;RS;gerhard@gmail.com;39184460
2;03.802.018/0021-49;SESI - SERVI‚O SOCIAL DA INDUSTRIA;RUA PADRE LEONARDO NUNES, 181 CURITIBA-PR;80330-320;PORTÌO;Capão do Leão;RS;sesi@gmail.com;72319004
2;72.220.353/0001-08;ESTILOS CONSTRUCOES PROJETOS E EXECUCOES LTDA;RUA TAPAJOS, 344;85501-060;CENTRO;Pato Branco;PR;estilos@gmail.com;33139876
2;10.849.763/0001-65;IRL CONSTRUCAO CIVIL LTDA OBRA LOJAS COPPEL;ESTRADA DA RIBEIRA 301 COLOMBO-PR;83408-000;MARACANÌ;Cidelândia;MA;irl@gmail.com;6716219
2;02.675.658/0001-29;SAU SANEAMENTO AMBIENTAL URBANO LTDA;AVENIDA NOSSA SENHORA DA PENHA,362;80050-550;CRISTO REI;Curitiba;PR;sau@gmail.com;3390017
2;07.595.224/0001-32;TRANSPORTES VIECILI LTDA ME;AVENIDA IGUACU,866;85685-000;CENTRO;Nova Prata do Iguaçu;PR;transportes@gmail.com;1539579
2;75.185.389/0003-58;AGENCIA MARITIMA ORION LTDA PNG;MANOEL CORREA,1345;83206-030;CENTRO;Unaí;MG;agencia@gmail.com;1671298
2;01.206.820/0009-54;DISTRIBUIDORA FARMACEUTICA PANARELO LTDA;RUA HASDRUBAL BELLEGARD, 1377;81460-120;CIC;Taperoá;PB;distribuidora@gmail.com;19380387
2;76.676.436/0001-67;SUL DEFENSIVOS AGRICOLAS LTDA;AV DOS PINHEIRAIS,3451;83705-670;ESTACAO;São Caetano do Sul;SP;sul@gmail.com;75871392
2;05.968.735/0001-27;CINETTO DO BRASIL IND COM DE C0MPONENTES;RUA JOAO BETTEGA,4800;81350-000;CIC;Bonito;BA;cinetto@gmail.com;48367789
2;04.601.539/0001-57;MARIA GILCEIA NESI ME;RODOVIA PR 170 KM 554;84660-000;RONDON;Batatais;SP;maria@gmail.com;39054257
2;07.310.181/0001-00;EDUARDO DOS REIS PASCOAL E CIA LTDA.;MANOEL NETO ANDRADE;86400-000;VILA MARIA;Jacarezinho;PR;eduardo@gmail.com;46388396
2;05.263.551/0002-42;MSS - COM. REFRIG. E GEN. ALIM. LTDA.;AV ROBERT KOCH,60;86038-350;VILA OPERARIA;Getulina;SP;mss@gmail.com;77727152
2;14.015.00033/81;GERHARD ALEX VAN ARAGON;CHACARA ARLA, S/N;84990-000;LAGOA;Viamão;RS;gerhard@gmail.com;39184460
2;02.980.309/0002-00;DIVESA AUTOMOVEIS LTDA;RODOVIA BR 116,1785;82590-100;TREVO DO ATUBA;Mamanguape;PB;divesa@gmail.com;60539106
2;75.239.368/0001-06;JORGE NAKAYAMA;AV MAL FLORIANO PEIXOTO 7376;81650-000;BOQUEIRAO;Piedade de Caratinga;MG;jorge@gmail.com;45017049
2;05.123.659/0001-59;NOBRE POLIMENTOS LTDA;AV. BRASIL, 1934;86181-010;CENTRO;Viamão;RS;nobre@gmail.com;26307512
2;70.000.48103/09;JORGE LUIZ NACLI BASTOS;AV. SAUL ELKIND, 297;86086-000;RES. QUADRA NORTE;Londrina;PR;jorge@gmail.com;71766413
2;08.222.843/0001-44;SIRLENE CAMAROTTI;RUA DORVAL CECCON, 664, LOJA 56;83405-030;JD N. S. DE FATIMA;Colombo;PR;sirlene@gmail.com;32730903
2;81.650.095/0001-90;PROVOPAR ACAO SOCIAL DE PAULO FRONTIN;RUA 22 DE JANEIRO,143;84635-000;CENTRO;Paulo Frontin;PR;provopar@gmail.com;42353528
2;01.639.242/0001-92;MARILU DE TULLIO MOLINARI;RUA CAP TOMAZ CARVALHO DE CAMARGO,130;83035-450;CIDADE JARDIM;Icaraí de Minas;MG;marilu@gmail.com;31372481
2;07.662.941/0001-30;CORPROPETRO COM. DE DERIVADOS DE PETROLEO LTDA-ME;R MASSUD AMIN ESQ COM AV MINAS GERAIS, S/N;86300-000;SEDE;Fraiburgo;SC;corpropetro@gmail.com;13100401
2;01.471.185/0001-85;PBL IND E COM DE FERTILIZANTES LTDA;RODOVIA DOS MINERIOS, KM 14, 100A;83507-000;JD MONTERREY;Edéia;GO;pbl@gmail.com;45968623
2;74.130.907/0001-01;PROENCA ADM E CORRETAGEM DE SEGUROS LTDA;RUA CENTENARIO,1639;83601-000;CENTRO;Praia Norte;TO;proenca@gmail.com;83139027
2;34.420.02230/87;ANTONIO MOREIRA E OUTROS;FAZENDA SÌO JUDAS TADEU;87750-000;ZONA RURAL;Capão do Leão;RS;antonio@gmail.com;22535332
2;00.079.208/0001-48;ECO-AMAZON INDUSTRIA E COMERCIO DE CONFEC‚ÍES LTDA.;RUA NAPOLES, 255 - BLOCO A;83413-220;ATUBA;Turvolândia;MG;eco-amazon@gmail.com;30976691
2;74.101.569/0003-41;AGRICOLA JANDELLE S/A;ROD 369 KM 178;86600-000;CONTORNO SUL;Carmo de Minas;MG;agricola@gmail.com;81456564
2;75.584.110/0001-47;EXAL - ADMINISTRACAO DE RESTAURANTES EMPRESARIAIS LTDA;AV. SENADOR FLAVIO CARVALHO, 1647;84070-460;JD. LOS ANGELES;Caculé;BA;exal@gmail.com;97784878
2;77.318.715/0001-11;ASSOCIACAO DE PROTECAO A MATERNIDADE E A INFANCIA;RUA AV ANTONIO VILAS BOAS,786;85845-000;JARDIM AMERICA;Vera Cruz do Oeste;PR;associacao@gmail.com;40927863
2;77.043.289/0001-50;COMPRE COM. PRESENTES LTDA;RUA XV DE NOVEMBRO, 130;80020-310;CENTRO;Pejuçara;RS;compre@gmail.com;26519610
2;84.792.183/0001-15;FUNDACAO PROMOVER;R JOAQUIM NABUCO,59;84026-080;26 DE OUTUBRO;Canavieiras;BA;fundacao@gmail.com;85335220
2;07.525.913/0001-70;VIEMELO PRESTADORA DE SERVICOS LTDA;OBRA CONSTRUçãO UEM BLOCO B8 AV COLOMBO 5790;87010-440;ZONA 07;Maringá;PR;viemelo@gmail.com;30202364
2;81.254.401/0001-70;INSTITUTO HALSTED LTDA;RUA DR ROBERTO BARROZO,1381;80520-070;BOM RETIRO;Riozinho;RS;instituto@gmail.com;16076212
2;05.263.551/0002-42;MSS - COM. REFRIG. E GEN. ALIM. LTDA.;AV ROBERT KOCH,60;86038-350;VILA OPERARIA;Getulina;SP;mss@gmail.com;77727152
2;10.751.409/0001-01;FABRICIO DOS SANTOS E CIA LTDA ME;RUA BARAO DO RIO BRANCO,1100;85900-005;CENTRO;Toledo;PR;fabricio@gmail.com;74848249
2;03.756.377/0001-63;SOC.DE ENS.E PESQ.DE CORN.PROCOP.S/S.LTD;RUA ARLINDO SALES 15;86300-000;CJ UNIAO;Cornélio Procópio;PR;soc.de@gmail.com;61032501
2;76.676.436/0001-67;SUL DEFENSIVOS AGRICOLAS LTDA;AV DOS PINHEIRAIS,3451;83705-670;ESTACAO;São Caetano do Sul;SP;sul@gmail.com;75871392
2;02.267.558/0001-63;SCOLDING LTDA.;RUA MARQUES DO PARANA, 1240;80620-210;AGUA VERDE;Curitiba;PR;scolding@gmail.com;2357933
2;09.656.382/0001-80;MARGARIDA GONCALVES DOS SANTOS LAPA;TEOFILO FREITAS MARISTANY,78;83750-000;DOM PEDRO II;Munhoz;MG;margarida@gmail.com;88301697
2;79.430.682/0093-40;FARMACIA E DROGARIA NISSEI LTDA;AV SAUL ELKIND 1610 - CONJUNTO VIOLIN;86084-000;CENTRO;Gouveia;MG;farmacia@gmail.com;83763206
2;80.774.888/0001-59;GRAFICA E EDITORA ULIGHEL LTDA;AV GENEROSO MARQUES,1121;85550-000;CENTRO;Engenheiro Navarro;MG;grafica@gmail.com;75392876
2;03.825.816/0001-42;USINAGEM LISECKI LTDA EPP;RUA PROF. ALGACYR MUNHOZ MADER, 3410;81350-010;CIC;Palmeirópolis;TO;usinagem@gmail.com;49128918
2;09.618.680/0001-86;PG MOVEIS COMERCIO DE MOVEIS LTDA;AV CARLOS CAVALCANTI, 252A;84025-000;UVARANAS;Bom Jesus do Amparo;MG;pg@gmail.com;88142284
2;87.102.810/0010-28;ARAUPEL S/A;FAZENDA RIO DAS COBRAS;85460-000;FAZENDA;Varzelândia;MG;araupel@gmail.com;65724993
2;75.992.065/0001-60;ENGISA INSPEçãO E PESQUISA APLICADA ˆ INDœSTRIA LTDA.;RUA SANTO INáCIO, 555;83324-080;EMILIANO PERNETA;Pinhais;PR;engisa@gmail.com;24877479
2;01.695.570/0001-06;ROSELI M D NETZEL E CIA LTDA;RUA GONçALVES DIAS, 1368;83601-020;CENTRO;Santa Inês;PR;roseli@gmail.com;27902067
2;80.237.555/0001-90;ANTONIO MORO E CIA LTDA;RUA CORONEL VIVIDA,122;84036-310;VILA CIPA;São Caetano do Sul;SP;antonio@gmail.com;83959967
2;49.739.998/0008-06;IBIRAPUERA AVICOLA LTDA;DT PASSA DOIS;83750-000;ZONA RURAL;Lapa;PR;ibirapuera@gmail.com;11127212
2;76.546.399/0005-04;DIPLOMATA DISTRIBUICAO E VAREJO LTDA;RUA ANTONIO MEIRELES SOBRINHO NE686;82900-240;CAJURU;Praia Norte;TO;diplomata@gmail.com;77548202
2;53.004.313/0019-03;FERTIMPORT SA;RUA MANOEL CORREA,1195;83203-410;ALTO SAO SEBASTIAO;Novo Acordo;TO;fertimport@gmail.com;30583199
2;75.097.428/0001-01;HOSPITAL PINEL LTDA;P‚A JOAQUIM MENELAU DE ALMEIDA TORRES,70 CURITIBA;81610-010;V HAUER;Lagoa Grande do Maranhão;MA;hospital@gmail.com;89775565
2;00.491.519/0001-10;M M L TECNOLOGIA DA INFORMACAO LTDA;AV SETE DE SETEMBRO 4698;80240-000;BATEL;Curitiba;PR;m@gmail.com;38830637
2;05.982.005/0002-61;AMBAR RESTAURANTE E CONVENIæNCIAS LTDA;AV PRES KENNEDY 4121;80610-010;A VERDE;Tacaimbó;PE;ambar@gmail.com;50336075
2;81.900.227/0001-95;BATISTA E IZEPE LTDA F01;AV BRASIL,542;87113-260;JD INDEPENDECIA;Sarandi;PR;batista@gmail.com;70640951
2;04.361.165/0001-40;ISRAEL CARDOSO DOS SANTOS & CIA.LTDA ME;TRAVESSA OSCAR MUXFELDT,42;85851-490;CENTRO;Juti;MS;israel@gmail.com;41685681
2;75.982.058/0001-87;CONSTRUTORA SAN REMO LTDA;R PROF PEDRO VIRIATO PARIGOT DE SOUZA, 3305;81200-100;MOSSUNGUE;Ouro Branco;MG;construtora@gmail.com;45555271
2;08.784.297/0001-35;ALG ESTACIONAMENTOS LTDA;RUA PRESIDENTE FARIAS,259;80020-290;CENTRO;Varginha;MG;alg@gmail.com;22532991
2;Sem Informação;A DE CASTRO ME;AV. MAUA, 2065;87050-020;Sem Informação;Maringá;PR;a@gmail.com;35801384
2;77.688.174/0001-13;CONSTRUTORA PALANGER LTDA;RUA CARAMURU, 270, SALA 1;85501-060;CENTRO;Conceição das Alagoas;MG;construtora@gmail.com;74677135
2;79.430.682/0075-69;FARMACIA E DROGARIA NISSEI LTDA-U VITORI;AV. MANOEL RIBAS, 111;84600-000;CENTRO;Piedade de Caratinga;MG;farmacia@gmail.com;49114421
2;04.020.348/0001-00;RODOVIARIO MARINGA LTDA_EPP;RUA REBOU‚AS, 828;87030-410;Sem Informação;Capim Branco;MG;rodoviario@gmail.com;61828910
2;76.676.352/0001-23;ASSESSORIA IMOBILIARIA CONS LAURINDO;RUA CONSELHEIRO LAURINDO,478;80060-100;CENTRO;São Caetano do Sul;SP;assessoria@gmail.com;89903402
2;80.234.495/0001-52;ARAUCONT ORGANIZAçãO CONTáBIL LTDA.;AVENIDA DOUTOR VICTOR DO AMARAL, 1699;83702-040;CENTRO;Taquaritinga do Norte;PE;araucont@gmail.com;99662690
2;02.714.885/0001-16;A A F MOMI E MOMI LTDA;AV. ITORORó, 1349;87010-460;ZONA 04;São José dos Cordeiros;PB;a@gmail.com;83333909
2;82.529.371/0002-00;KF LOCACOES DE EQUIPAMENTOS INDUSTRIAIS;AV PRESIDENTE KENNEDY,401;84052-465;JARDIM MARACANA;Palmeira dos êndios;AL;kf@gmail.com;6616634
2;09.533.417/0001-94;TREVO VIVEIRO FLORESTAL LTDA-ME;ROD BR 153 KM 448;84600-000;SAO GABRIEL;União da Vitória;PR;trevo@gmail.com;86434180
2;09.247.890/0001-05;CMBC CONSTRUCOES E DEMOLICOES LTDA;CYRO CORREIA PEREIRA 151;80000-000;CIC;Canavieiras;BA;cmbc@gmail.com;51148660
2;03.711.516/0001-32;F ANDRES DA SILVA CONFECCOES EPP;RUA EZIDIO BALADELLI,80;87200-000;PARQUE INDUSTRIAL;Urutaí;GO;f@gmail.com;38691733
2;75.643.429/0001-04;FUNDACAO HONORINA VALENTE;AV. ANITA GARIBALDI 1874, LJ 03;82200-530;AHU;Santa Cruz Cabrália;BA;fundacao@gmail.com;49210141
2;79.115.358/0004-62;CASA DE COURO SANTA RITA LTDA;AV BRASIL______NR 7056;85810-000;__CENTRO;Rolante;RS;casa@gmail.com;34676603
2;80.826.803/0001-39;CAMARA E TEODORO LTDA;AVENIDA DR LUIZ TEIXEIRA MENDES,554;87015-000;ZONA 04;Maringá;PR;camara@gmail.com;90741949
2;87.001.335/0099-16;PURAS DO BRASIL SOCIEDADE ANONIMA;AV. SETE DE SETEMBRO, 4476 CJ 1104;80250-210;REBOU‚AS;Albertina;MG;puras@gmail.com;5989894
2;Sem Informação;ANTONIO TERUO KATO E OUTROS;HARAS SANTA CLARA  - ALTO PARANA;87750-000;RURAL;Pouso Alto;MG;antonio@gmail.com;87010460
2;09.608.541/0003-33;CONTRATHOS SERVICE SA;CESAR CARELLI,N¼90/98;83820-000;PIONEIROS;Unaí;MG;contrathos@gmail.com;13040032
2;76.189.406/0033-03;CONDOR SUPER CENTER LTDA;R JOINVILLE,3001;83020-000;SAO PEDRO;Itapevi;SP;condor@gmail.com;31549942
2;78.127.271/0001-08;MADEIREIRA RICKLI LTDA;RODOVIA PR 151 KM 130;84145-000;CENTRO;Primeira Cruz;MA;madeireira@gmail.com;79980957
2;81.243.735/0001-48;POSITIVO INFORMATICA S/A;RUA JOAO BETTEGA, 5200;81350-000;CIC;Curitiba;PR;positivo@gmail.com;400880
2;80.367.964/0001-01;IND E COM DE FUMOS FLOR DO NORTE LTDA EPP;RUA MODESTINA BORDIGNON THIEL,31;84600-000;SAO DOMINGOS;Getulina;SP;ind@gmail.com;36776459
2;87.001.335/0637-08;PURAS DO BRASIL SOCIEDADE ANONIMA;AVENIDA ERMINIO DE MORAES,380;83540-000;TACANICA;Rio Branco do Sul;PR;puras@gmail.com;70513020
2;Sem Informação;IVANIR SCHEITEL (OBRA);R. NORBERTO NEUMEISTER, S/N;85960-000;LOT. ANDORINHA;Fátima do Sul;MS;ivanir@gmail.com;47265930
2;82.949.652/0011-03;ONDREPSB SERVIçO DE GUARDA E VIGILâNCIA LTDA;AV. TIRADENTES, 1383;86000-000;Sem Informação;Conceição das Alagoas;MG;ondrepsb@gmail.com;3800859
2;95.453.932/0001-04;PAVESI INDUSTRIA DE UNIFORMES LTDA;AVENIDA DAS AMERICAS,293 OU 356 (CONF DENUNCIA);83030-640;CIDADE JARDIM;São José do Vale do Rio Preto;RJ;pavesi@gmail.com;97805659
2;00.544.993/0001-62;W. PEDRON & CIA LTDA;CONSTANTINO MAROCHI,1085;83606-190;OURO VERDE I;Albertina;MG;w.@gmail.com;91690351
2;05.849.924/0001-80;ABBOTT E ARCOVERDE LTDA;RUA MARECHAL CANDIDO RONDON,870;87704-060;CENTRO;Paranavaí;PR;abbott@gmail.com;77811334
2;00.740.926/0001-13;IPERBRAS IND E COMERCIO DE ALUMINIOS LTDA;ROD BRATISLAVA , KM 02;86180-970;BRATISLAVA;Propriá;SE;iperbras@gmail.com;41283860
2;07.689.756/0001-39;CASA DE REPOUSO ROCHA LIMA LTDA.;RUA DANTE MELARA, 1735;81200-620;CAJURU;Senhor do Bonfim;BA;casa@gmail.com;48647501
2;06.127.174/0001-04;SISTEMA APOIO DE ENSINO E EDITORACAO S S LTDA;RUA TUPI,366;86020-350;CENTRO;Senhor do Bonfim;BA;sistema@gmail.com;19815056
2;07.254.302/0001-35;DM BARRETTO PRODUTOS DE MINAS - ME;AV SETE DE SETEMBRO,1865;80060-070;CENTRO;Bom Jardim;RJ;dm@gmail.com;85068265
2;08.916.946/0001-04;ROBERTO DE ABREU IND.E COM.DE CONFECCOES LTDA;RUA JOAO PESSOA,90;86020-220;CENTRO;Parnaguá;PI;roberto@gmail.com;89346614
2;77.626.240/0001-20;JOSE TARCISIO FERNANDES DE OLIVEIRA;DR. VICTOR DO AMARAL,1523;83702-055;CENTRO;São João Evangelista;MG;jose@gmail.com;82228992
2;78.436.458/0001-85;ENERGIA - INFORMATICA E SERVICOS LTDA..;RUA JOAO PESSOA,145;83702-280;CENTRO;Alto Jequitibá;MG;energia@gmail.com;5712673
2;79.118.311/0001-00;TRANSPORTE COLETIVO CIDADE CANCAO LTDA;AV. MONTEIRO LOBATO, 473;87050-280;VILA OPERARIA;Cajamar;SP;transporte@gmail.com;12745659
2;01.149.953/0053-00;BV FINANCEIRA SA CREDITO FINANCIAMENTO E INVESTIMENTO;AV. SAO PAULO, 344;86010-060;CENTRO;Iporá;GO;bv@gmail.com;21431463
2;09.721.280/0001-00;MÁRCIA DE SOUZA ROCHA ELETRONICOS;RUA SERGIPE, 300 - LOJA 01/03;86010-380;CENTRO;Londrina;PR;márcia@gmail.com;31087235
2;09.239.430/0001-35;ARCE CONSTRUTORA E INCORPORADORA LTDA;AV DOS PINHEIRAIS 565;83700-000;CAPELA VELHA;Pato Bragado;PR;arce@gmail.com;49735159
2;05.849.924/0001-80;ABBOTT E ARCOVERDE LTDA;RUA MARECHAL CANDIDO RONDON,870;87704-060;CENTRO;Paranavaí;PR;abbott@gmail.com;77811334
2;07.410.357/0001-97;STEEL PLASTIC IND E COM ESTRUT MET LTDA;RUA MARIA GERONASSO DO ROSARIO,106;83413-140;VILA MARIA DO ROSA;Rolante;RS;steel@gmail.com;21441197
2;76.098.219/0046-39;COOPAVEL COOPERATIVA AGROINDUSTRIAL;BR 277 KM 582 FRIAVES;85818-560;DISTRITO INDUSTRIAL;Osvaldo Cruz;SP;coopavel@gmail.com;15380056
2;07.580.512/0001-13;GLOBOAVES SAO PAULO AGROAVICOLA LTDA;ROD. BR 467 KM 03 S/N,1;85814-000;ALVORADA;Borborema;PB;globoaves@gmail.com;17248797
2;82.423.070/0001-17;ANDRADE & MARTINS LTDA;ROD BR 277 KM 540;85478-000;INDUSTRIAL;Ibema;PR;andrade@gmail.com;8940237
2;51.200.80641/82;FABIO UENO KUROIWA;RODOVIA PR 180 SN KM 18;87370-000;ZONA RURAL;Moreira Sales;PR;fabio@gmail.com;37189923
2;77.698.983/0001-06;CONSTRUTORA TOMASI LTDA.;RUA EMILIO CORNELSEN, 500;80000-000;AHU;Curitiba;PR;construtora@gmail.com;65864808
2;08.016.794/0001-93;CPAE CENTRO PARANAENSE DE ARTE EQUESTRE LTDA;ESTRADA DO PALMITALZINHO KM 12;83450-000;PALMITAL;Bocaiœva do Sul;PR;cpae@gmail.com;95601427
2;04.272.785/0001-02;MZ OPERACOES INDUSTRIAIS LTDA EPP;RUA DAS ARAUCARIAS,564;83700-000;THOMAZ COELHO;Araucária;PR;mz@gmail.com;58778359
2;07.265.880/0001-77;CONSTRUTORA BOLL LTDA;RUA EDSON CAMPOS MATESICH, 201 CURITIBA;82410-370;SANTA FELICIDADE;Curitiba;PR;construtora@gmail.com;80531846
2;03.061.081/0001-28;MACLATEX IND TECIDOS E CONFECCOES LTDA;ADAO IWANKIW,150;86800-970;PARQ INDL ZONA;Coruripe;AL;maclatex@gmail.com;35917844
2;03.830.727/0001-94;CENTRO DE FORMA O DE COND INTERLAGOS LTDA;PRA A SANTANA,32;86380-000;CENTRO;Touros;RN;centro@gmail.com;35462285
2;10.621.155/0001-07;AJAX SERVIçOS DE ALVENARIA;RUA PROFESSOR CARDOSO FONTES,1100 - CONDOMINIO EST;84000-000;CONDOMINIO ESTACOES;Ponta Grossa;PR;ajax@gmail.com;64208303
2;80.531.015/0004-68;ORGANIZACAO EDUCACIONAL EXPOENTE LTDA;AVENIDA MARINGA,350;83324-000;EMILIANO PERNETA;Anchieta;SC;organizacao@gmail.com;86995112
2;05.945.919/0002-52;NEW FIT IND COM AP GINASTICA IMP EXP LTDA;RUA FORTALEZA,2757;85805-160;JARDIM CRISTAL;Goiânia;GO;new@gmail.com;40046267
2;07.633.359/0001-45;SIQSERVICE SERVICOS LTDA;RUA ANNE FRANK 611936;81730-010;BOQUEIRAO;Manacapuru;AM;siqservice@gmail.com;98206670
2;86.552.429/0001-07;GIOCA INDUSTRIA E COMERCIO LTDA;JATOBA,750;83820-096;EUCALIPTOS;Fazenda Rio Grande;PR;gioca@gmail.com;58145208
2;04.127.928/0001-92;TRUST ADMINISTRACAO E PARTICIPACOES LTDA;JANDAIA DO SUL,1073;83324-440;VL EMILIANO PERNETA;Pastos Bons;MA;trust@gmail.com;44670558
2;79.283.065/0003-03;ORBENK ADMINISTRACAO E SERVICOS LTDA;RUA CONSELHEIRO CARRAO, 445;80040-130;JUVEVE;Touros;RN;orbenk@gmail.com;29256361
2;01.740.116/0019-59;SISTALI LTDA;AV RUI BARBOSA;83055-320;Sem Informação;Urutaí;GO;sistali@gmail.com;53126844
2;07.932.636/0001-10;ACAFRAO E MEL RESTAURANTE LTDA;AV AGOSTINHO DE LEAO JUNIOR,174;80030-110;CENTRO;Campo Grande;MS;acafrao@gmail.com;59816891
2;07.643.263/0001-68;RETIFICA QUADROS E SIMAO LTDA EPP;RUA MARIA DALILA PINTO,250;86430-000;VILA CLARO;Santo Antônio da Platina;PR;retifica@gmail.com;51170454
2;07.500.231/0001-03;MULTBATTERY BRASIL DE ACUMULADORES LTDA;R. CURITIBA,2337;87140-000;PQ. INDL. RES. BELA;Paiçandu;PR;multbattery@gmail.com;74130531
2;02.904.132/0001-73;MARA NOIVAS ATELLIER DE COSTURA LTDA;PRA‚A TIRADENTES, 258 1¼ ANDAR SL 01;80020-100;CENTRO;São João das Duas Pontes;SP;mara@gmail.com;94269607
2;12.651.486/0001-07;VDI COMERCIO E INDUSTRIA DE EQUIPAMENTOS ELETRONICOS;AV SAO GABRIEL 481;83404-000;PLANTA BOM JESUS;São José dos Cordeiros;PB;vdi@gmail.com;75341997
2;85.001.279/0001-80;RLS LOCADORA DE VEICULOS E TRANSPORTE ESCOLAR LTDA.;FRANCISCO DEROSSO,1200;81720-000;XAXIM;Pastos Bons;MA;rls@gmail.com;31753467
2;88.348.024/0011-59;S B S ENGENHARIA E CONSTRUCOES LTDA;RODOVIA PR 508 KM 14;83255-000;COLONIA PEREIRA;Florestal;MG;s@gmail.com;29054625
2;01.950.923/0002-58;PICK UP INDUSTRIA E COMERCIO DE CABINES LTDA-ME;RODOVIA BR 376 KM 158 LOTE 170 A-B;87160-000;PRQ IND PREF HILTON;Paulista;PE;pick@gmail.com;52016300
2;03.446.922/0001-15;RACING CONSULTORIA TECNICA E COMERCIAL LTDA.;RUA CAPITAO SOUZA FRANCO,848 - SALA 151;80730-420;BIGORRILHO;Apiaí;SP;racing@gmail.com;53025769
2;76.517.861/0001-03;M. M. ARRUDA E CIA LTDA;RUA QUINTINO BOCAIUVA, 227 CURITIBA;80035-090;CABRAL;Morro da Fumaça;SC;m.@gmail.com;62785767
2;80.024.557/0001-00;VIAPLAN ENGENHARIA LTDA;AV. JUSCELINO KUBITSCHECK DE OLIVEIRA, 6777;81250-160;SANTA HELENA;Praia Norte;TO;viaplan@gmail.com;4072830
2;03.739.025/0001-08;SINTRASCOOP;RUA VEREADOR ENEDIR DE SOUZA LIMA, 131 - SALA 1;85660-000;CENTRO;Dois Vizinhos;PR;sintrascoop@gmail.com;5474077
2;00.802.741/0001-96;DESTRO E STROPA LTDA ME;AV BELO HORIZONTE,486;87113-060;JD. INDEPENDENCIA;Sarandi;PR;destro@gmail.com;38261902
2;05.284.230/0001-43;TORNEARIA BOIKO;ROD BR 277, KM 1, 935;82305-100;MOSSUNGUE;Curitiba;PR;tornearia@gmail.com;84979620
2;95.390.167/0001-12;W ZIELAK E CIA LTDA;RUA SOUZA NAVES,3908;85807-690;CENTRO;Valença;BA;w@gmail.com;20334198
2;02.912.468/0001-88;ALIANCA PLANO DE ASSISTENCIA FAMILIAR LT;RUA NAGIB DAHER,974;86800-040;CENTRO;Primeira Cruz;MA;alianca@gmail.com;5119880
2;01.701.201/0365-31;HSBC BANK BRASIL SA BANCO MULTIPLO;R QUINTINO BOCAIUVA 317,99999;86020-150;MISTER THOMAZ;Londrina;PR;hsbc@gmail.com;8379800
2;55.724.447/0001-03;RRC RAPIDO RODOVIARIO CURITIBA LTDA;RUA CARLOS DE LAET, 3573;81650-040;BOQUEIRAO;Novo Planalto;GO;rrc@gmail.com;24310094
2;00.796.352/0001-03;FUJIWARA EQUIPAMENTOS DE PROTECAO INDIVIDUAL LTDA;AV GOVERNADOR ROBERTO DA SILVEIRA 751;86800-520;VILA SAO CARLOS;Unaí;MG;fujiwara@gmail.com;16526454
2;06.261.459/0001-25;RHS COMERCIO ESTRUTURAS METALICAS LTDA;RUA EINSTEIN,727;83408-040;VILA GUARANI;Icaraí de Minas;MG;rhs@gmail.com;20177719
2;05.208.765/0001-35;LUNENG POLYCITY DO BRASIL LTDA;RDV BR 116, KM 69,3;83420-000;POCINHO;Varginha;MG;luneng@gmail.com;49249131
2;03.336.687/0001-29;GONZALES & SENDESKI LTDA;AV PREF.SINCLAIR SAMBATTI 8585;87055-405;CONTORNO SUL;Maringá;PR;gonzales@gmail.com;28323048
2;06.156.636/0001-03;GRUPO NOVA INSDòSTRIA E COMƒRCIO DE EMBALAGENS;BR 277 - KM 598;85804-600;DIST. INDUSTRIAL;Tuneiras do Oeste;PR;grupo@gmail.com;48009188
2;77.863.223/0043-66;C.VALE - ABATEDOURO DE AVES;AV. ARIOSVALDO BITENCOURT, 2000;85950-000;CENTRO;Palotina;PR;c.vale@gmail.com;87523667
2;02.808.708/0069-97;AMBEV - COMPANHIA BRASILEIRA DE BEBIDAS;AV.PRES.GETULIO VARGAS,262;80230-030;REBOUCAS;Curitiba;PR;ambev@gmail.com;56576907
2;78.381.613/0001-03;KAPERSUL INDUSTRIA E COMERCIO DE PAPEIS S A;AVENIDA DAS ARAUCÁRIAS NÀ3001;81880-400;PINHEIRINHO;Anta Gorda;RS;kapersul@gmail.com;38721423
2;80.621.113/0001-43;LABORATORIO PONTAGROSSENSE DE ANALISES CLINICAS LTD;RUA D PEDRO II 108;84053-000;NOVA RUSSIA;Icaraíma;PR;laboratorio@gmail.com;83914534
2;75.185.389/0003-58;AGENCIA MARITIMA ORION LTDA PNG;MANOEL CORREA,1345;83206-030;CENTRO;Unaí;MG;agencia@gmail.com;1671298
2;79.728.358/0001-95;CENTRO DE FORMACAO DE CONDUTORES PARANAVAI LTDA ME;RUA PERNAMBUCO,758;87701-010;CENTRO;Capim Branco;MG;centro@gmail.com;12617665
2;04.127.928/0001-92;TRUST ADMINISTRACAO E PARTICIPACOES LTDA;JANDAIA DO SUL,1073;83324-440;VL EMILIANO PERNETA;Pastos Bons;MA;trust@gmail.com;44670558
2;06.974.484/0001-56;ELENITA VIEIRA DOS SANTOS;RUA TERESINA 33;85851-000;Sem Informação;Foz do Iguaçu;PR;elenita@gmail.com;32899873
2;78.147.105/0001-65;TRANSPORTADORA VANTROBA LTDA;RUA BENTO RIBEIRO, 900;84070-000;MADUREIRA;Ponta Grossa;PR;transportadora@gmail.com;86807986
2;08.611.380/0001-02;CLIPTIME SERVICOS DE INFORMACAO LTDA;AVENIDA VICENTE MACHADO,343_CASA 06;80420-010;CENTRO;Itabirito;MG;cliptime@gmail.com;83564596
2;81.254.401/0001-70;INSTITUTO HALSTED LTDA;RUA DR ROBERTO BARROZO,1381;80520-070;BOM RETIRO;Riozinho;RS;instituto@gmail.com;16076212
2;72.524.549/0001-96;COM E REPRES DE AUTOS PECAS HAPPY CAR LT;RUA PROF ALBERTO PIEKAS,13;83504-520;CACHOEIRA;Almirante Tamandaré;PR;com@gmail.com;21452167
2;02.749.821/0001-50;INST ORTOP TRAUMAT P GROSSA LTDA;RUA FREI CANECA,112;84010-060;CENTRO;Palmeirópolis;TO;inst@gmail.com;80864473
2;51.200.33755/68;OBRA DE PATRICIA FAGUNDES;RUA DR. GOLIN, ESQ. ALMIR. TAMANDARé;80000-000;HUGO LANGE;Icaraíma;PR;obra@gmail.com;84648230
2;08.890.622/0001-44;LIVRARIA E PAPELARIA ALFA LTDA;AV KAKOGAWA 891;87013-000;ZONA 30;Rio Negro;PR;livraria@gmail.com;17658322
2;04.314.669/0001-09;PHATTANO SERV TERC E MAO DE OBRA ESP LTD;RUA SALOMAO GUELMANN,198;81050-050;NOVO MUNDO;Bom Jesus do Amparo;MG;phattano@gmail.com;71649630
2;00.132.834/0001-50;ANITA TABORDA;RUA MINAS GERAIS,29;86010-030;CENTRO;Florestal;MG;anita@gmail.com;55844598
2;07.613.107/0001-54;WINDSON VESTUARIO LTDA;ROD PR 317 KM 03 S N;85900-970;RECANTO MUNICIPAL;Natividade;RJ;windson@gmail.com;69146037
2;05.380.311/0001-47;BASEFORTE SERVICOS NA CONSTRUCAO CIVIL LTDA;RUA VISCONDE DE NACAR, 1160;80000-000;CENTRO;Curitiba;PR;baseforte@gmail.com;26563717
2;04.072.870/0017-94;HDSP COMERCIO DE VEICULOS LTDA;R. BISPO DOM JOSE, 2133;80440-080;BATEL;Várzea Branca;PI;hdsp@gmail.com;85684525
2;Sem Informação;Sem Informação;RUA CARDIAL VERMELHO AO LADO N. 1391;SI;Sem Informação;Londrina;PR;sem@gmail.com;34905758
2;09.656.382/0001-80;MARGARIDA GONCALVES DOS SANTOS LAPA;TEOFILO FREITAS MARISTANY,78;83750-000;DOM PEDRO II;Munhoz;MG;margarida@gmail.com;88301697
2;05.072.017/0001-78;PLASTICOS SIGMA LTDA - ME;RUA ISAURA GAMBA VITORINO, 391;87065-140;PQ. INDUSTRIAL;Maringá;PR;plasticos@gmail.com;814753
2;10.857.512/0001-22;FLY CONSTRUTORA DE OBRAS LTDA;R. ANGELO PIOTO, 470;80710-490;CIC CAMPO COMPRIDO;Curitiba;PR;fly@gmail.com;16324175
2;00.287.408/0001-96;CASAGRANDE - DISTRIBUIDORA DE FIOS E ARMARINHOS LTDA;TRAVESSA TOBIAS DE MACEDO, 48;80020-210;CENTRO;Curitiba;PR;casagrande@gmail.com;48836540
2;Sem Informação;ARTUR ACIR TABORDA;BITUVA DOS MACHADOS;84535-000;Z. RURAL B. MACHADOS;Várzea Branca;PI;artur@gmail.com;20813358
2;02.598.615/0001-97;CONSERVARTE LTDA;TENENTE DJALMA DUTRA, 1245 SALA 13;83005-360;CENTRO;São José dos Pinhais;PR;conservarte@gmail.com;16211711
2;11.110.903/0001-41;MARIA ADRIANE PEDROSO BOBEK;RUA INVERNADA DO CAPIM, S/N,;84345-000;Sem Informação;Ventania;PR;maria@gmail.com;67280894
2;03.444.626/0001-85;LEDALI CONFEC‚ÍES LTDA ME;R. SILVIO ALVES, 1230;87140-000;JD. PINHEIRO;Paiçandu;PR;ledali@gmail.com;10986986
2;81.064.511/0001-79;UNIMED APUCARANA COOP DE TRABALHO MEDICO;RUA CLOTARIO PORTUGAL, 927;86800-020;Sem Informação;Bom Jardim;RJ;unimed@gmail.com;18431810
2;10.485.673/0018-80;GARAGENS REUNIDAS DO PARANA LTDA;RUA. MARECHAL DEODORO,869;80060-010;CENTRO;Bom Jesus do Amparo;MG;garagens@gmail.com;71101117
2;04.395.499/0001-34;OSR OPERACOES E SERV RODOVIARIOS LTDA;RUA MONTEIRO LOBATO,288;86210-000;CENTRO;Jataizinho;PR;osr@gmail.com;783174
2;11.517.841/0010-88;CIA SULAMERICANA DE DISTRIBUICAO;AV TAMANDARE 903;87013-210;Sem Informação;Maringá;PR;cia@gmail.com;95096725
2;80.332.778/0001-37;RUBBER NEW PRODUTOS DE BORRACHA LTDA;RUA SENEGAL, 227;83320-090;VILA PALMITAL;Icaraí de Minas;MG;rubber@gmail.com;99509254
2;45.543.915/0505-29;CARREFOUR COMERCIO E INDUSTRIA LTDA;R FRANCISCO NADOLNY,474;80740-030;CAMPINA DO SIQUEIRA;Curitiba;PR;carrefour@gmail.com;48361972
2;05.947.598/0001-44;BRASLAMD IND E COM DE MADEIRAS LTDA;ESTRADA DO LAGEADO;83870-000;LAGEADO;Campo do Tenente;PR;braslamd@gmail.com;23791810
2;81.716.144/0001-40;ROCHA TERMINAIS PORTUARIOS E LOGISTICA S/A;RUA JOAO EUGENIO, 922;83203-400;CENTRO;Paranaguá;PR;rocha@gmail.com;90583949
2;07.606.941/0001-12;TERRALIS IMOVEIS LTDA;RUA BARAO DO CERRO AZUL 945;83301-000;CENTRO;Cândido Godói;RS;terralis@gmail.com;84158972
2;75.214.163/0001-76;TECMIL INDUSTRIA METALURGICA LTDA ME;RUA CAROLINA CASTELLI, 529;81050-450;NOVO MUNDO;Curitiba;PR;tecmil@gmail.com;75847076
2;04.927.231/0001-04;ALLIANCE TRANSPORTE E LOGISTICA LTDA;RUA CARLOS SCHIMIDT,440;86804-350;JD APUCARANA;Apucarana;PR;alliance@gmail.com;10890869
2;76.753.086/0001-95;UNIÌO PARANAENSE DE ENSINO E CULTURA - UNIPE;RUA PEDRO BONAT, N¼ 103;81110-040;CAPÌO RASO;Curitiba;PR;união@gmail.com;91908182
2;60.746.948/0069-00;BANCO BRADESCO S A;R MARECHAL DEODORO,168/170;80010-010;CENTRO;Caxambu do Sul;SC;banco@gmail.com;16499972
2;02.386.450/0006-02;DALKIA BRASIL S/A;AV 7 DE SETEMBRO, 2775;80230-010;CENTRO;Dores do Rio Preto;ES;dalkia@gmail.com;98334860
2;16.294.175/0001-99;TURBO TECH ENGENHARIA LTDA;RUA ELI VOLPATO 999;83700-000;Sem Informação;Itacoatiara;AM;turbo@gmail.com;90170554
2;10.505.234/0001-44;NOSSO LOTE EMPREENDIMENTOS - ME;AV MATGO GROSSO ESQ COM RUA JAGUARIAIVA;SI;ESTADOS;Porto do Mangue;RN;nosso@gmail.com;14513603
2;80.594.831/0001-78;DIVANO IND. E COM DE MOVEIS E DEC. LTDA;RUA JOAO DE BARRO,283;86030-350;PQ. DAS IND. LEVES;Anchieta;SC;divano@gmail.com;36916208
2;79.124.079/0002-01;FA MARINGA LTDA;ANEL VIARIO S.SAMBATI,540-A;87055-000;JD BERTIOGA;Ribeirãozinho;MT;fa@gmail.com;19058785
2;04.471.981/0001-06;WIPRO DO BRASIL TECNOLOGIA LTDA;RUA JOAO MARCHESINI, 139, ANDAR 5 E 6;80215-432;PRADO VELHO;Sapucaia;RJ;wipro@gmail.com;96150073
2;79.057.733/0001-12;CLINICA VETERINARIA DE CAES E GATOS LTDA;RUA SANTA CATARINA 583;86010-470;CENTRO;Londrina;PR;clinica@gmail.com;1601444
2;78.367.521/0020-31;GRANOSUL AGROINDUSTRIAL LTDA;RODOVIA MELLO PEIXOTO, 1683, KM 159;86185-700;Sem Informação;Valença;BA;granosul@gmail.com;61461845
2;79.124.079/0002-01;FA MARINGA LTDA;ANEL VIARIO S.SAMBATI,540-A;87055-000;JD BERTIOGA;Ribeirãozinho;MT;fa@gmail.com;19058785
2;76.630.573/0003-22;COMPANHIA DE CIMENTO ITAMBE;LOC PAIOL COCHO;83601-777;RIO BONITO;Moiporá;GO;companhia@gmail.com;50875974
2;11.806.788/0001-44;PIGATTO & SOARES LTDA ME;RUA PROF CARDOSO FONTES, 1100;84050-550;RONDA;Taperoá;PB;pigatto@gmail.com;13929930
2;03.802.018/0021-49;SESI - SERVI‚O SOCIAL DA INDUSTRIA;RUA PADRE LEONARDO NUNES, 181 CURITIBA-PR;80330-320;PORTÌO;Capão do Leão;RS;sesi@gmail.com;72319004
2;79.096.020/0001-68;ENGERAMA ENGENHARIA E EMPREENDIMENTOS LTDA;R RUI BARBOSA, 2000;83601-140;CENTRO;Palmeira dos êndios;AL;engerama@gmail.com;17884904
2;05.569.761/0001-82;DE BOER SILVA E CIA LTDA;RUA ADJANIRO CARDON,387;84015-580;JARDIM CARVALHO;Ponta Grossa;PR;de@gmail.com;73078819
2;01.973.052/0001-07;LAIRSON SILVA CALDAS;AV BRASILIA 6060;81930-084;NOVO MUNDO;Icó;CE;lairson@gmail.com;39713401
2;04.018.563/0001-68;SUPERMERCADO NANDI LTDA;AV DAS NACOES, 45;85875-000;CENTRO-STA TEREZINHA;Coruripe;AL;supermercado@gmail.com;83777581
2;14.039.00029/88;LUIZ GLICERIO SILVEIRA;EST DA RIBEIRA, 2380;83408-000;IMBUIAL;Itabirito;MG;luiz@gmail.com;81427407
2;05.766.253/0001-94;A 1 TECNOLOGIA E INDUSTRIA MECANICA LTDA;RUA HUMBERTO ZANATTO ,10;80000-000;PINHEIRINHO;Jatobá;PE;a@gmail.com;59788427
2;03.938.055/0001-35;SOFT SISTEMAS ELETRONICOS LTDA;RUA FREI HENRIQUE DE COIMBRA,1794;81630-220;HAUER;Guaribas;PI;soft@gmail.com;33182710
2;15.375.991/0009-11;TODIMO MATERIAIS PARA CONSTRUCAO LTDA;AV. ARTHUR THOMAS,1037;86065-000;JARDIM BANDEIRANTES;Vale do Paraíso;RO;todimo@gmail.com;60441395
2;76.158.872/0001-44;SWELL CONSTRUCOES E INCORP LTDA;RUA DESEMBARGADOR OTáVIO DO AMARAL, 1091;80000-000;BIGORRILHO;Curitiba;PR;swell@gmail.com;14229054
2;97.334.106/0001-63;TRES ELOS INDUSTRIA E COM.CALCADOS LTDA;AV.CURITIBA 370;86800-005;BARRA FUNDA;Propriá;SE;tres@gmail.com;71710425
2;74.130.907/0001-01;PROENCA ADM E CORRETAGEM DE SEGUROS LTDA;RUA CENTENARIO,1639;83601-000;CENTRO;Praia Norte;TO;proenca@gmail.com;83139027
2;07.254.302/0001-35;DM BARRETTO PRODUTOS DE MINAS - ME;AV SETE DE SETEMBRO,1865;80060-070;CENTRO;Bom Jardim;RJ;dm@gmail.com;85068265
2;08.289.776/0001-85;PLANAMERICA CONSTRUCOES LTDA;AV ASSUNCAO, 295;85805-030;Sem Informação;Cascavel;PR;planamerica@gmail.com;82202812
